id,z,H,sigma_stat_plus,sigma_stat_minus,sigma_sys_plus,sigma_sys_minus,sigma_total_plus,sigma_total_minus,sigma_total_published,error_type,method,sample,dependence_group,overlap_note,reference_key,journal,doi,arxiv,peer_reviewed,verified,use_default,default_note
1,0.07,69,,,,,19.6,19.6,19.6,total only (as published),full-spectrum (UlySS SSP fit),"SDSS DR7 LRGs, subsample 1 (0.033<z<0.109)",SDSS-DR7-LRG,SDSS DR7 LRGs; Moresco2012 uses SDSS DR6 MGS and DR7 LRGs at 0.15<z<0.4 (possible partial overlap),Zhang2014,"RAA 14, 1221 (2014)",10.1088/1674-4527/14/10/002,1207.4541,1,"arXiv v3 abstract p.1 and Sect. 4 p.9-10 (subsample results, Fig. 4 caption for z ranges)",1,Shares galaxies with subsample 2 in 0.090<z<0.109
2,0.09,69,,,,,12,12,12,total only (as published),"full-spectrum (SSP age fit, SPEED models)","SDSS early-type galaxies, z < 0.17",SDSS-lowz,SDSS low-z passive galaxies; may share objects with Zhang2014 (SDSS-DR7-LRG) and Moresco2012 SDSS MGS bin,Jimenez2003,"ApJ 593, 622 (2003)",10.1086/376595,astro-ph/0302560,1,"arXiv v1 p.11 (Sect. 4): zeff = 0.09, 'H0 = 69 +/- 12'; also Stern+10 Table 2 lists z = 0.1, 69 +/- 12",1,Published value is H0 = H(zeff)/E(zeff) with a 4% LCDM correction (Om=0.27); standard compilations list it as H(0.09)
3,0.12,68.6,,,,,26.2,26.2,26.2,total only (as published),full-spectrum (UlySS SSP fit),"SDSS DR7 LRGs, subsample 2 (0.090<z<0.156)",SDSS-DR7-LRG,SDSS DR7 LRGs; Moresco2012 uses SDSS DR6 MGS and DR7 LRGs at 0.15<z<0.4 (possible partial overlap),Zhang2014,"RAA 14, 1221 (2014)",10.1088/1674-4527/14/10/002,1207.4541,1,"arXiv v3 abstract p.1 and Sect. 4 p.9-10 (subsample results, Fig. 4 caption for z ranges)",1,Shares galaxies with subsample 1 in 0.090<z<0.109
4,0.15,85,51.5,51.5,10.2,8.9,52.5,52.26,53,stat+sys (quadrature),"Dn4000 (MILES, alpha-enhancement propagated)","189 relic UCMGs from E-INSPIRE (SDSS spectra), 0.07<z<0.22",SDSS-lowz,SDSS low-z passive galaxies; may share objects with Zhang2014 (SDSS-DR7-LRG) and Moresco2012 SDSS MGS bin,Lisiecki2026,preprint (A&A manuscript),,2608.10163,0,arXiv v2 abstract p.1 and Eq. (7) p.6,0,"Preprint, not yet peer-reviewed; SDSS galaxies possibly shared with SDSS-based low-z points"
5,0.17,83,,,,,8,8,8,total only (as published),"full-spectrum (SSP age fit, SPEED models)","field ellipticals (Treu+), GDDS, radio galaxies 53W091/53W069 (32 galaxies)",Simon05-sample,GDDS galaxies also enter Moresco2012 (0.91<z<1.13 bin),Simon2005,"PRD 71, 123001 (2005)",10.1103/PhysRevD.71.123001,astro-ph/0412269,1,Simon+05 Fig. 1 right panel (no table); values from Stern+10 arXiv v1 Table 2 p.14,1,
6,0.1791,75,3.8,3.8,0.5,0.5,3.83,3.83,4,stat+sys (quadrature),D4000n (BC03 calibration),"SDSS DR6 MGS, SDSS DR7 LRG, Stern+10 cluster stacks, zCOSMOS, K20, GOODS-S, cluster BCGs, GDDS, UDS",Moresco12-sample,Includes Stern10 cluster stacks and GDDS galaxies used by Simon2005,Moresco2012,JCAP 08 (2012) 006,10.1088/1475-7516/2012/08/006,1201.3609,1,"arXiv v4 Table 4 p.22 (BC03 columns: H, sigma_stat, sigma_syst, sigma_tot)",1,
7,0.1993,75,4.9,4.9,0.6,0.6,4.94,4.94,5,stat+sys (quadrature),D4000n (BC03 calibration),"SDSS DR6 MGS, SDSS DR7 LRG, Stern+10 cluster stacks, zCOSMOS, K20, GOODS-S, cluster BCGs, GDDS, UDS",Moresco12-sample,Includes Stern10 cluster stacks and GDDS galaxies used by Simon2005,Moresco2012,JCAP 08 (2012) 006,10.1088/1475-7516/2012/08/006,1201.3609,1,"arXiv v4 Table 4 p.22 (BC03 columns: H, sigma_stat, sigma_syst, sigma_tot)",1,
8,0.2,72.9,,,,,29.6,29.6,29.6,total only (as published),full-spectrum (UlySS SSP fit),"SDSS DR7 LRGs, subsample 3 (0.170<z<0.236)",SDSS-DR7-LRG,SDSS DR7 LRGs; Moresco2012 uses SDSS DR6 MGS and DR7 LRGs at 0.15<z<0.4 (possible partial overlap),Zhang2014,"RAA 14, 1221 (2014)",10.1088/1674-4527/14/10/002,1207.4541,1,"arXiv v3 abstract p.1 and Sect. 4 p.9-10 (subsample results, Fig. 4 caption for z ranges)",1,
9,0.27,77,,,,,14,14,14,total only (as published),"full-spectrum (SSP age fit, SPEED models)","field ellipticals (Treu+), GDDS, radio galaxies 53W091/53W069 (32 galaxies)",Simon05-sample,GDDS galaxies also enter Moresco2012 (0.91<z<1.13 bin),Simon2005,"PRD 71, 123001 (2005)",10.1103/PhysRevD.71.123001,astro-ph/0412269,1,Simon+05 Fig. 1 right panel (no table); values from Stern+10 arXiv v1 Table 2 p.14,1,
10,0.28,88.8,,,,,36.6,36.6,36.6,total only (as published),full-spectrum (UlySS SSP fit),"SDSS DR7 LRGs, subsample 4 (0.243<z<0.315)",SDSS-DR7-LRG,SDSS DR7 LRGs; Moresco2012 uses SDSS DR6 MGS and DR7 LRGs at 0.15<z<0.4 (possible partial overlap),Zhang2014,"RAA 14, 1221 (2014)",10.1088/1674-4527/14/10/002,1207.4541,1,"arXiv v3 abstract p.1 and Sect. 4 p.9-10 (subsample results, Fig. 4 caption for z ranges)",1,
11,0.3519,83,13,13,4.8,4.8,13.86,13.86,14,stat+sys (quadrature),D4000n (BC03 calibration),"SDSS DR6 MGS, SDSS DR7 LRG, Stern+10 cluster stacks, zCOSMOS, K20, GOODS-S, cluster BCGs, GDDS, UDS",Moresco12-sample,Includes Stern10 cluster stacks and GDDS galaxies used by Simon2005,Moresco2012,JCAP 08 (2012) 006,10.1088/1475-7516/2012/08/006,1201.3609,1,"arXiv v4 Table 4 p.22 (BC03 columns: H, sigma_stat, sigma_syst, sigma_tot)",1,
12,0.3802,83,4.3,4.3,12.9,12.9,13.6,13.6,13.5,stat+sys (quadrature),D4000n (BC03 calibration),BOSS DR9 massive passive galaxies (stacked spectra),BOSS-DR9,,Moresco2016,JCAP 05 (2016) 014,10.1088/1475-7516/2016/05/014,1601.01701,1,arXiv v2 Table 3 p.15 (BC03 columns),1,
13,0.4,95,,,,,17,17,17,total only (as published),"full-spectrum (SSP age fit, SPEED models)","field ellipticals (Treu+), GDDS, radio galaxies 53W091/53W069 (32 galaxies)",Simon05-sample,GDDS galaxies also enter Moresco2012 (0.91<z<1.13 bin),Simon2005,"PRD 71, 123001 (2005)",10.1103/PhysRevD.71.123001,astro-ph/0412269,1,Simon+05 Fig. 1 right panel (no table); values from Stern+10 arXiv v1 Table 2 p.14,1,
14,0.4004,77,2.1,2.1,10,10,10.22,10.22,10.2,stat+sys (quadrature),D4000n (BC03 calibration),BOSS DR9 massive passive galaxies (stacked spectra),BOSS-DR9,,Moresco2016,JCAP 05 (2016) 014,10.1088/1475-7516/2016/05/014,1601.01701,1,arXiv v2 Table 3 p.15 (BC03 columns),1,
15,0.4247,87.1,2.4,2.4,11,11,11.26,11.26,11.2,stat+sys (quadrature),D4000n (BC03 calibration),BOSS DR9 massive passive galaxies (stacked spectra),BOSS-DR9,,Moresco2016,JCAP 05 (2016) 014,10.1088/1475-7516/2016/05/014,1601.01701,1,arXiv v2 Table 3 p.15 (BC03 columns),1,
16,0.4293,85.7,1,1,5.1,5.1,5.2,5.2,5.2,stat+sys (quadrature),D4000n (BC03 calibration),"BOSS DR9 massive passive galaxies, all bins averaged",BOSS-DR9,,Moresco2016,JCAP 05 (2016) 014,10.1088/1475-7516/2016/05/014,1601.01701,1,"arXiv v2 Table 3 p.15 (BC03, averaged row) and text p.13",0,Average of the five BOSS bins; the paper states it must not be combined with them
17,0.4293,91.8,1,1,5.1,5.1,5.2,5.2,5.3,stat+sys (quadrature),D4000n (M11 calibration),"BOSS DR9 massive passive galaxies, all bins averaged",BOSS-DR9,,Moresco2016,JCAP 05 (2016) 014,10.1088/1475-7516/2016/05/014,1601.01701,1,"arXiv v2 abstract, Table 3 p.15 (M11, averaged row) and text p.13",0,"Same galaxies as the five BOSS bins, and M11 calibration whereas every other D4000n point uses BC03"
18,0.4497,92.8,4.5,4.5,12.1,12.1,12.91,12.91,12.9,stat+sys (quadrature),D4000n (BC03 calibration),BOSS DR9 massive passive galaxies (stacked spectra),BOSS-DR9,,Moresco2016,JCAP 05 (2016) 014,10.1088/1475-7516/2016/05/014,1601.01701,1,arXiv v2 Table 3 p.15 (BC03 columns),1,
19,0.46,88.48,0.57,0.57,12.32,12.32,12.33,12.33,,stat+sys (quadrature),D4000n,"DESI DR1 massive passive galaxies (log M > 10.75, sigma > 280 km/s), 0.30<z<0.55",DESI-DR1,,Loubser2025b,"MNRAS 544, 3064 (2025)",10.1093/mnras/staf1939,2511.02730,1,arXiv v1 abstract p.1 and Eq. (4) p.7-8; correlations p.8,1,"Systematic errors highly correlated between the three points: rho(0.46,0.67)=0.932, rho(0.46,0.83)=0.830, rho(0.67,0.83)=0.776"
20,0.47,89,23,23,44,44,49.65,49.65,,stat+sys (quadrature),full-spectrum (ULySS; model spread as systematic),SALT spectra of 2SLAQ luminous red galaxies,SALT-2SLAQ,,Ratsimbazafy2017,"MNRAS 467, 3239 (2017)",10.1093/mnras/stx301,1702.00418,1,arXiv v2 abstract p.1 and Sect. 5 p.7: 89 +/- 23(stat) +/- 44(syst),1,
21,0.4783,80.9,2.1,2.1,8.8,8.8,9.05,9.05,9,stat+sys (quadrature),D4000n (BC03 calibration),BOSS DR9 massive passive galaxies (stacked spectra),BOSS-DR9,,Moresco2016,JCAP 05 (2016) 014,10.1088/1475-7516/2016/05/014,1601.01701,1,arXiv v2 Table 3 p.15 (BC03 columns),1,
22,0.48,97,,,,,62,62,62,total only (as published),full-spectrum (BC03 SSP age fit),"Keck-LRIS red-envelope galaxies in 24 clusters + SPICES + VVDS, 0.35<z<0.6",Stern10-sample,Keck cluster spectra also enter Moresco2012 as stacked spectra (0.38<z<0.75),Stern2010,JCAP 02 (2010) 008,10.1088/1475-7516/2010/02/008,0907.3149,1,arXiv v1 abstract p.1: 97 +/- 62 at z~0.5; Table 2 p.14 prints 97 +/- 60 at z = 0.48,1,Internal inconsistency in the paper (62 abstract vs 60 table); 62 adopted as in Moresco+22 and Moresco+24
23,0.5,72.1,33.9,33.9,7.3,7.3,34.68,34.68,,stat+sys (quadrature),D4000n (MILES/FSPS calibration),"SALT spectra of 53 BCGs in ACT SZ-selected clusters, 0.3<z<0.7",SALT-ACT-BCG,,Loubser2025a,"MNRAS 540, 3135 (2025)",10.1093/mnras/staf915,2506.03836,1,arXiv v1 abstract p.1 and Eq. (6) p.9,1,
24,0.542,66,81,29,13,13,82.04,31.78,+82/-32,stat+sys (quadrature),full-spectrum (BAGPIPES),"VLT/MUSE members of SDSS J2222+2745, MACS J1149.5+2223, SDSS J1029+2623 (35-38 CCs)",MUSE-clusters,,Tomasetti2025,"A&A 708, A145 (2026)",10.1051/0004-6361/202558259,2512.02109,1,arXiv v1 abstract p.1 and Sect. 4.1 p.5: 66 +81/-29(stat) +/- 13(syst) = 66 +82/-32,1,
25,0.55,104.5,13.2,7.6,22.4,22.4,26,23.65,,stat+sys (quadrature),Lick indices on stacked spectra; finite difference,"DESI DR1 LRG stacks, massive velocity-dispersion group",DESI-DR1,,Alvarez2026,preprint (A&A manuscript),,2608.13178,0,arXiv v1 Sect. 5.2 p.11 and Conclusions p.12,0,Same DESI DR1 galaxies as Loubser2025b; preprint
26,0.57,95.1,10.9,6,11.3,11.3,15.7,12.79,,stat+sys (quadrature),Lick indices on stacked spectra; pivotal cosmographic fit,"DESI DR1 LRG stacks, 0.3<z<1.2",DESI-DR1,,Alvarez2026,preprint (A&A manuscript),,2608.13178,0,arXiv v1 Sect. 5.1 p.9 and Conclusions p.12,0,"Cosmographic H(z0) from a fit, not a discrete CC point; same DESI DR1 galaxies as Loubser2025b; preprint"
27,0.5929,104,11.6,11.6,4.5,4.5,12.44,12.44,13,stat+sys (quadrature),D4000n (BC03 calibration),"SDSS DR6 MGS, SDSS DR7 LRG, Stern+10 cluster stacks, zCOSMOS, K20, GOODS-S, cluster BCGs, GDDS, UDS",Moresco12-sample,Includes Stern10 cluster stacks and GDDS galaxies used by Simon2005,Moresco2012,JCAP 08 (2012) 006,10.1088/1475-7516/2012/08/006,1201.3609,1,"arXiv v4 Table 4 p.22 (BC03 columns: H, sigma_stat, sigma_syst, sigma_tot)",1,
28,0.61,88.5,6.7,12.6,8.1,8.1,10.51,14.98,,stat+sys (quadrature),Lick indices on stacked spectra; finite difference,"DESI DR1 LRG stacks, most massive velocity-dispersion group",DESI-DR1,,Alvarez2026,preprint (A&A manuscript),,2608.13178,0,"arXiv v1 abstract p.1, Sect. 5.2 p.11",0,Same DESI DR1 galaxies as Loubser2025b; preprint
29,0.65,93.68,28.27,28.27,10.67,10.67,30.22,30.22,,stat+sys (quadrature),"D4000 (Bayesian age posteriors, photometric selection)","VIPERS PDR2 massive passive galaxies, 0.5<z<0.8",VIPERS,,Pradhan2026,preprint (submitted to A&A),,2606.07298,0,arXiv v1 abstract p.1 and Sect. 5 p.11,0,"Preprint, not yet peer-reviewed"
30,0.67,119.45,6.39,6.39,16.64,16.64,17.82,17.82,,stat+sys (quadrature),D4000n,"DESI DR1 massive passive galaxies (log M > 10.75, sigma > 280 km/s), 0.55<z<0.78",DESI-DR1,,Loubser2025b,"MNRAS 544, 3064 (2025)",10.1093/mnras/staf1939,2511.02730,1,arXiv v1 abstract p.1 and Eq. (5) p.7-8; correlations p.8,1,"Systematic errors highly correlated between the three points: rho(0.46,0.67)=0.932, rho(0.46,0.83)=0.830, rho(0.67,0.83)=0.776"
31,0.6797,92,6.4,6.4,4.3,4.3,7.71,7.71,8,stat+sys (quadrature),D4000n (BC03 calibration),"SDSS DR6 MGS, SDSS DR7 LRG, Stern+10 cluster stacks, zCOSMOS, K20, GOODS-S, cluster BCGs, GDDS, UDS",Moresco12-sample,Includes Stern10 cluster stacks and GDDS galaxies used by Simon2005,Moresco2012,JCAP 08 (2012) 006,10.1088/1475-7516/2012/08/006,1201.3609,1,"arXiv v4 Table 4 p.22 (BC03 columns: H, sigma_stat, sigma_syst, sigma_tot)",1,
32,0.75,98.8,24.8,24.8,22.7,22.7,33.62,33.62,33.6,stat+sys (quadrature),Lick indices,"LEGA-C DR2, 140 massive passive galaxies",LEGA-C,,Borghi2022,"ApJL 928, L4 (2022)",10.3847/2041-8213/ac3fb2,2110.04304,1,"arXiv Eq. (2) p.4 (98.8 +/- 33.6), Table 1 p.3 (joint: zeff = 0.753, stat 24.8), text p.4 (syst 22.7)",1,"Chosen for the LEGA-C group: in the Moresco+22 32-point set, symmetric errors, SPS systematics budgeted"
33,0.75,105,7.9,7.9,7.3,7.3,10.76,10.76,,stat+sys (quadrature),photometric ages (neural network trained on LEGA-C Lick-index ages),"COSMOS2015 photometric passive galaxies, 0.65<z<0.85; training set = Borghi+22 LEGA-C sample",LEGA-C,,Jimenez2023,JCAP 11 (2023) 047,10.1088/1475-7516/2023/11/047,2306.11425,1,arXiv v1 abstract p.1 and Eq. (3.2) p.8,0,"Age scale calibrated on the Borghi2022 LEGA-C galaxies, same COSMOS field; Moresco+24 Table 1 flags it"
34,0.7812,105,9.4,9.4,6.1,6.1,11.21,11.21,12,stat+sys (quadrature),D4000n (BC03 calibration),"SDSS DR6 MGS, SDSS DR7 LRG, Stern+10 cluster stacks, zCOSMOS, K20, GOODS-S, cluster BCGs, GDDS, UDS",Moresco12-sample,Includes Stern10 cluster stacks and GDDS galaxies used by Simon2005,Moresco2012,JCAP 08 (2012) 006,10.1088/1475-7516/2012/08/006,1201.3609,1,"arXiv v4 Table 4 p.22 (BC03 columns: H, sigma_stat, sigma_syst, sigma_tot)",1,
35,0.8,113.1,15.1,15.1,29.1,11.3,32.78,18.86,,stat+sys (quadrature),"full-spectrum (BAGPIPES, spectra + photometry)","LEGA-C DR2, 350 massive passive galaxies (parent sample of Borghi+22a)",LEGA-C,,Jiao2023,"ApJS 265, 48 (2023)",10.3847/1538-4365/acbc77,2205.05701,1,"arXiv abstract p.1, Sect. 5 p.14 and Conclusions p.16: 113.1 +/- 15.1(stat) +29.1/-11.3(syst)",0,Same LEGA-C DR2 galaxies as Borghi2022 (superset)
36,0.83,108.28,10.07,10.07,15.08,15.08,18.13,18.13,,stat+sys (quadrature),D4000n,"DESI DR1 massive passive galaxies (log M > 10.75, sigma > 280 km/s), 0.78<z<1.0",DESI-DR1,,Loubser2025b,"MNRAS 544, 3064 (2025)",10.1093/mnras/staf1939,2511.02730,1,arXiv v1 abstract p.1 and Eq. (6) p.7-8; correlations p.8,1,"Systematic errors highly correlated between the three points: rho(0.46,0.67)=0.932, rho(0.46,0.83)=0.830, rho(0.67,0.83)=0.776"
37,0.8754,125,15.3,15.3,6,6,16.43,16.43,17,stat+sys (quadrature),D4000n (BC03 calibration),"SDSS DR6 MGS, SDSS DR7 LRG, Stern+10 cluster stacks, zCOSMOS, K20, GOODS-S, cluster BCGs, GDDS, UDS",Moresco12-sample,Includes Stern10 cluster stacks and GDDS galaxies used by Simon2005,Moresco2012,JCAP 08 (2012) 006,10.1088/1475-7516/2012/08/006,1201.3609,1,"arXiv v4 Table 4 p.22 (BC03 columns: H, sigma_stat, sigma_syst, sigma_tot)",1,
38,0.88,90,,,,,40,40,40,total only (as published),full-spectrum (BC03 SSP age fit),"Keck-LRIS red-envelope galaxies in 24 clusters + SPICES + VVDS, 0.6<z<1.0",Stern10-sample,Keck cluster spectra also enter Moresco2012 as stacked spectra (0.38<z<0.75),Stern2010,JCAP 02 (2010) 008,10.1088/1475-7516/2010/02/008,0907.3149,1,arXiv v1 abstract p.1 (z~0.8) and Table 2 p.14 (z = 0.88): 90 +/- 40,1,
39,0.9,117,,,,,23,23,23,total only (as published),"full-spectrum (SSP age fit, SPEED models)","field ellipticals (Treu+), GDDS, radio galaxies 53W091/53W069 (32 galaxies)",Simon05-sample,GDDS galaxies also enter Moresco2012 (0.91<z<1.13 bin),Simon2005,"PRD 71, 123001 (2005)",10.1103/PhysRevD.71.123001,astro-ph/0412269,1,Simon+05 Fig. 1 right panel (no table); values from Stern+10 arXiv v1 Table 2 p.14,1,
40,1.037,154,13.6,13.6,14.9,14.9,20.17,20.17,20,stat+sys (quadrature),D4000n (BC03 calibration),"SDSS DR6 MGS, SDSS DR7 LRG, Stern+10 cluster stacks, zCOSMOS, K20, GOODS-S, cluster BCGs, GDDS, UDS",Moresco12-sample,Includes Stern10 cluster stacks and GDDS galaxies used by Simon2005,Moresco2012,JCAP 08 (2012) 006,10.1088/1475-7516/2012/08/006,1201.3609,1,"arXiv v4 Table 4 p.22 (BC03 columns: H, sigma_stat, sigma_syst, sigma_tot)",1,
41,1.26,135,60,60,27.1,27.1,65.84,65.84,65,stat+sys (quadrature),full-spectrum (BAGPIPES),"VANDELS DR4, 39 passive galaxies at 1.07<z<1.5",VANDELS,,Tomasetti2023,"A&A 679, A96 (2023)",10.1051/0004-6361/202346992,2305.16387,1,arXiv abstract p.1 and Sect. 4.3.1 p.13: 135 +/- 60(stat) +/- 27(sys) +/- 2.4(bin); total 65,1,sys = 27 (SFH) and 2.4 (binning) in quadrature
42,1.3,168,,,,,17,17,17,total only (as published),"full-spectrum (SSP age fit, SPEED models)","field ellipticals (Treu+), GDDS, radio galaxies 53W091/53W069 (32 galaxies)",Simon05-sample,GDDS galaxies also enter Moresco2012 (0.91<z<1.13 bin),Simon2005,"PRD 71, 123001 (2005)",10.1103/PhysRevD.71.123001,astro-ph/0412269,1,Simon+05 Fig. 1 right panel (no table); values from Stern+10 arXiv v1 Table 2 p.14,1,
43,1.363,160,,,,,33.6,33.6,33.6,total only (as published),D4000n (BC03 and MaStro calibration; model difference in error),"29 massive passive galaxies at 1.4<z<2.2 from literature NIR spectra, joined to the last Moresco+12 D4000n point",Moresco15-sample,z=1.363 slope anchored on Moresco2012 z~1 D4000n point,Moresco2015,"MNRAS 450, L16 (2015)",10.1093/mnrasl/slv037,1503.01116,1,arXiv Table 1 p.3,1,"Slope uses the last D4000n point of Moresco+12, hence correlated with Moresco2012 z=1.037"
44,1.43,177,,,,,18,18,18,total only (as published),"full-spectrum (SSP age fit, SPEED models)","field ellipticals (Treu+), GDDS, radio galaxies 53W091/53W069 (32 galaxies)",Simon05-sample,GDDS galaxies also enter Moresco2012 (0.91<z<1.13 bin),Simon2005,"PRD 71, 123001 (2005)",10.1103/PhysRevD.71.123001,astro-ph/0412269,1,Simon+05 Fig. 1 right panel (no table); values from Stern+10 arXiv v1 Table 2 p.14,1,
45,1.53,140,,,,,14,14,14,total only (as published),"full-spectrum (SSP age fit, SPEED models)","field ellipticals (Treu+), GDDS, radio galaxies 53W091/53W069 (32 galaxies)",Simon05-sample,GDDS galaxies also enter Moresco2012 (0.91<z<1.13 bin),Simon2005,"PRD 71, 123001 (2005)",10.1103/PhysRevD.71.123001,astro-ph/0412269,1,Simon+05 Fig. 1 right panel (no table); values from Stern+10 arXiv v1 Table 2 p.14,1,
46,1.75,202,,,,,40,40,40,total only (as published),"full-spectrum (SSP age fit, SPEED models)","field ellipticals (Treu+), GDDS, radio galaxies 53W091/53W069 (32 galaxies)",Simon05-sample,GDDS galaxies also enter Moresco2012 (0.91<z<1.13 bin),Simon2005,"PRD 71, 123001 (2005)",10.1103/PhysRevD.71.123001,astro-ph/0412269,1,Simon+05 Fig. 1 right panel (no table); values from Stern+10 arXiv v1 Table 2 p.14,1,
47,1.965,186.5,,,,,50.4,50.4,50.4,total only (as published),D4000n (BC03 and MaStro calibration; model difference in error),29 massive passive galaxies at 1.4<z<2.2 from literature NIR spectra,Moresco15-sample,z=1.363 slope anchored on Moresco2012 z~1 D4000n point,Moresco2015,"MNRAS 450, L16 (2015)",10.1093/mnrasl/slv037,1503.01116,1,arXiv Table 1 p.3,1,
