3.84160000e+02,0.00000000e+00,0.00000000e+00,0.00000000e+00,0.00000000e+00,0.00000000e+00,0.00000000e+00,0.00000000e+00,0.00000000e+00,0.00000000e+00,0.00000000e+00,0.00000000e+00,0.00000000e+00,0.00000000e+00,0.00000000e+00,0.00000000e+00,0.00000000e+00,0.00000000e+00,0.00000000e+00,0.00000000e+00,0.00000000e+00,0.00000000e+00,0.00000000e+00,0.00000000e+00,0.00000000e+00,0.00000000e+00,0.00000000e+00,0.00000000e+00,0.00000000e+00,0.00000000e+00,0.00000000e+00,0.00000000e+00,0.00000000e+00,0.00000000e+00,0.00000000e+00,0.00000000e+00,0.00000000e+00,0.00000000e+00
0.00000000e+00,1.44000000e+02,0.00000000e+00,0.00000000e+00,0.00000000e+00,0.00000000e+00,0.00000000e+00,0.00000000e+00,0.00000000e+00,0.00000000e+00,0.00000000e+00,0.00000000e+00,0.00000000e+00,0.00000000e+00,0.00000000e+00,0.00000000e+00,0.00000000e+00,0.00000000e+00,0.00000000e+00,0.00000000e+00,0.00000000e+00,0.00000000e+00,0.00000000e+00,0.00000000e+00,0.00000000e+00,0.00000000e+00,0.00000000e+00,0.00000000e+00,0.00000000e+00,0.00000000e+00,0.00000000e+00,0.00000000e+00,0.00000000e+00,0.00000000e+00,0.00000000e+00,0.00000000e+00,0.00000000e+00,0.00000000e+00
0.00000000e+00,0.00000000e+00,6.86440000e+02,0.00000000e+00,0.00000000e+00,0.00000000e+00,0.00000000e+00,0.00000000e+00,0.00000000e+00,0.00000000e+00,0.00000000e+00,0.00000000e+00,0.00000000e+00,0.00000000e+00,0.00000000e+00,0.00000000e+00,0.00000000e+00,0.00000000e+00,0.00000000e+00,0.00000000e+00,0.00000000e+00,0.00000000e+00,0.00000000e+00,0.00000000e+00,0.00000000e+00,0.00000000e+00,0.00000000e+00,0.00000000e+00,0.00000000e+00,0.00000000e+00,0.00000000e+00,0.00000000e+00,0.00000000e+00,0.00000000e+00,0.00000000e+00,0.00000000e+00,0.00000000e+00,0.00000000e+00
0.00000000e+00,0.00000000e+00,0.00000000e+00,6.40000000e+01,0.00000000e+00,0.00000000e+00,0.00000000e+00,0.00000000e+00,0.00000000e+00,0.00000000e+00,0.00000000e+00,0.00000000e+00,0.00000000e+00,0.00000000e+00,0.00000000e+00,0.00000000e+00,0.00000000e+00,0.00000000e+00,0.00000000e+00,0.00000000e+00,0.00000000e+00,0.00000000e+00,0.00000000e+00,0.00000000e+00,0.00000000e+00,0.00000000e+00,0.00000000e+00,0.00000000e+00,0.00000000e+00,0.00000000e+00,0.00000000e+00,0.00000000e+00,0.00000000e+00,0.00000000e+00,0.00000000e+00,0.00000000e+00,0.00000000e+00,0.00000000e+00
0.00000000e+00,0.00000000e+00,0.00000000e+00,0.00000000e+00,1.45535765e+02,1.30473083e+02,0.00000000e+00,0.00000000e+00,0.00000000e+00,1.38981892e+02,1.39680377e+02,0.00000000e+00,1.21186356e+02,1.25656390e+02,1.27377781e+02,0.00000000e+00,0.00000000e+00,1.05947338e+02,0.00000000e+00,0.00000000e+00,0.00000000e+00,1.48251045e+02,0.00000000e+00,1.35382617e+02,0.00000000e+00,1.48199076e+02,0.00000000e+00,1.54483889e+02,0.00000000e+00,0.00000000e+00,1.42612397e+02,0.00000000e+00,0.00000000e+00,1.16607413e+02,0.00000000e+00,0.00000000e+00,0.00000000e+00,1.36067210e+02
0.00000000e+00,0.00000000e+00,0.00000000e+00,0.00000000e+00,1.30473083e+02,1.54484453e+02,0.00000000e+00,0.00000000e+00,0.00000000e+00,1.38569134e+02,1.39264866e+02,0.00000000e+00,1.20833966e+02,1.25302797e+02,1.27026561e+02,0.00000000e+00,0.00000000e+00,1.05661136e+02,0.00000000e+00,0.00000000e+00,0.00000000e+00,1.47821863e+02,0.00000000e+00,1.34980698e+02,0.00000000e+00,1.47754461e+02,0.00000000e+00,1.54036993e+02,0.00000000e+00,0.00000000e+00,1.42255519e+02,0.00000000e+00,0.00000000e+00,1.16361468e+02,0.00000000e+00,0.00000000e+00,0.00000000e+00,1.35779972e+02
0.00000000e+00,0.00000000e+00,0.00000000e+00,0.00000000e+00,0.00000000e+00,0.00000000e+00,8.76160000e+02,0.00000000e+00,0.00000000e+00,0.00000000e+00,0.00000000e+00,0.00000000e+00,0.00000000e+00,0.00000000e+00,0.00000000e+00,0.00000000e+00,0.00000000e+00,0.00000000e+00,0.00000000e+00,0.00000000e+00,0.00000000e+00,0.00000000e+00,0.00000000e+00,0.00000000e+00,0.00000000e+00,0.00000000e+00,0.00000000e+00,0.00000000e+00,0.00000000e+00,0.00000000e+00,0.00000000e+00,0.00000000e+00,0.00000000e+00,0.00000000e+00,0.00000000e+00,0.00000000e+00,0.00000000e+00,0.00000000e+00
0.00000000e+00,0.00000000e+00,0.00000000e+00,0.00000000e+00,0.00000000e+00,0.00000000e+00,0.00000000e+00,1.96000000e+02,0.00000000e+00,0.00000000e+00,0.00000000e+00,0.00000000e+00,0.00000000e+00,0.00000000e+00,0.00000000e+00,0.00000000e+00,0.00000000e+00,0.00000000e+00,0.00000000e+00,0.00000000e+00,0.00000000e+00,0.00000000e+00,0.00000000e+00,0.00000000e+00,0.00000000e+00,0.00000000e+00,0.00000000e+00,0.00000000e+00,0.00000000e+00,0.00000000e+00,0.00000000e+00,0.00000000e+00,0.00000000e+00,0.00000000e+00,0.00000000e+00,0.00000000e+00,0.00000000e+00,0.00000000e+00
0.00000000e+00,0.00000000e+00,0.00000000e+00,0.00000000e+00,0.00000000e+00,0.00000000e+00,0.00000000e+00,0.00000000e+00,1.33956000e+03,0.00000000e+00,0.00000000e+00,0.00000000e+00,0.00000000e+00,0.00000000e+00,0.00000000e+00,0.00000000e+00,0.00000000e+00,0.00000000e+00,0.00000000e+00,0.00000000e+00,0.00000000e+00,0.00000000e+00,0.00000000e+00,0.00000000e+00,0.00000000e+00,0.00000000e+00,0.00000000e+00,0.00000000e+00,0.00000000e+00,0.00000000e+00,0.00000000e+00,0.00000000e+00,0.00000000e+00,0.00000000e+00,0.00000000e+00,0.00000000e+00,0.00000000e+00,0.00000000e+00
0.00000000e+00,0.00000000e+00,0.00000000e+00,0.00000000e+00,1.38981892e+02,1.38569134e+02,0.00000000e+00,0.00000000e+00,0.00000000e+00,3.39780491e+02,1.48413037e+02,0.00000000e+00,1.28883100e+02,1.33812088e+02,1.35752296e+02,0.00000000e+00,0.00000000e+00,1.13000873e+02,0.00000000e+00,0.00000000e+00,0.00000000e+00,1.57695017e+02,0.00000000e+00,1.43858557e+02,0.00000000e+00,1.57408467e+02,0.00000000e+00,1.64329813e+02,0.00000000e+00,0.00000000e+00,1.52527966e+02,0.00000000e+00,0.00000000e+00,1.25395478e+02,0.00000000e+00,0.00000000e+00,0.00000000e+00,1.46318160e+02
0.00000000e+00,0.00000000e+00,0.00000000e+00,0.00000000e+00,1.39680377e+02,1.39264866e+02,0.00000000e+00,0.00000000e+00,0.00000000e+00,1.48413037e+02,3.34110063e+02,0.00000000e+00,1.29508163e+02,1.34439285e+02,1.36375286e+02,0.00000000e+00,0.00000000e+00,1.13508534e+02,0.00000000e+00,0.00000000e+00,0.00000000e+00,1.58456293e+02,0.00000000e+00,1.44571476e+02,0.00000000e+00,1.58197118e+02,0.00000000e+00,1.65122509e+02,0.00000000e+00,0.00000000e+00,1.53160992e+02,0.00000000e+00,0.00000000e+00,1.25831732e+02,0.00000000e+00,0.00000000e+00,0.00000000e+00,1.46827658e+02
0.00000000e+00,0.00000000e+00,0.00000000e+00,0.00000000e+00,0.00000000e+00,0.00000000e+00,0.00000000e+00,0.00000000e+00,0.00000000e+00,0.00000000e+00,0.00000000e+00,2.89000000e+02,0.00000000e+00,0.00000000e+00,0.00000000e+00,0.00000000e+00,0.00000000e+00,0.00000000e+00,0.00000000e+00,0.00000000e+00,0.00000000e+00,0.00000000e+00,0.00000000e+00,0.00000000e+00,0.00000000e+00,0.00000000e+00,0.00000000e+00,0.00000000e+00,0.00000000e+00,0.00000000e+00,0.00000000e+00,0.00000000e+00,0.00000000e+00,0.00000000e+00,0.00000000e+00,0.00000000e+00,0.00000000e+00,0.00000000e+00
0.00000000e+00,0.00000000e+00,0.00000000e+00,0.00000000e+00,1.21186356e+02,1.20833966e+02,0.00000000e+00,0.00000000e+00,0.00000000e+00,1.28883100e+02,1.29508163e+02,0.00000000e+00,2.17080497e+02,1.17181108e+02,1.19027734e+02,0.00000000e+00,0.00000000e+00,9.92003896e+01,0.00000000e+00,0.00000000e+00,0.00000000e+00,1.37850144e+02,0.00000000e+00,1.25550367e+02,0.00000000e+00,1.37280630e+02,0.00000000e+00,1.43656759e+02,0.00000000e+00,0.00000000e+00,1.34479366e+02,0.00000000e+00,0.00000000e+00,1.11491161e+02,0.00000000e+00,0.00000000e+00,0.00000000e+00,1.30088817e+02
0.00000000e+00,0.00000000e+00,0.00000000e+00,0.00000000e+00,1.25656390e+02,1.25302797e+02,0.00000000e+00,0.00000000e+00,0.00000000e+00,1.33812088e+02,1.34439285e+02,0.00000000e+00,1.17181108e+02,2.49079511e+02,1.24449580e+02,0.00000000e+00,0.00000000e+00,1.03908052e+02,0.00000000e+00,0.00000000e+00,0.00000000e+00,1.43478799e+02,0.00000000e+00,1.30356710e+02,0.00000000e+00,1.42386790e+02,0.00000000e+00,1.49533093e+02,0.00000000e+00,0.00000000e+00,1.41763810e+02,0.00000000e+00,0.00000000e+00,1.18979078e+02,0.00000000e+00,0.00000000e+00,0.00000000e+00,1.38818026e+02
0.00000000e+00,0.00000000e+00,0.00000000e+00,0.00000000e+00,1.27377781e+02,1.27026561e+02,0.00000000e+00,0.00000000e+00,0.00000000e+00,1.35752296e+02,1.36375286e+02,0.00000000e+00,1.19027734e+02,1.24449580e+02,2.93453536e+02,0.00000000e+00,0.00000000e+00,1.05973071e+02,0.00000000e+00,0.00000000e+00,0.00000000e+00,1.45777485e+02,0.00000000e+00,1.32249533e+02,0.00000000e+00,1.44363052e+02,0.00000000e+00,1.51934329e+02,0.00000000e+00,0.00000000e+00,1.45128491e+02,0.00000000e+00,0.00000000e+00,1.22675282e+02,0.00000000e+00,0.00000000e+00,0.00000000e+00,1.43125875e+02
0.00000000e+00,0.00000000e+00,0.00000000e+00,0.00000000e+00,0.00000000e+00,0.00000000e+00,0.00000000e+00,0.00000000e+00,0.00000000e+00,0.00000000e+00,0.00000000e+00,0.00000000e+00,0.00000000e+00,0.00000000e+00,0.00000000e+00,1.52028900e+02,0.00000000e+00,0.00000000e+00,0.00000000e+00,0.00000000e+00,0.00000000e+00,0.00000000e+00,2.04779599e+02,0.00000000e+00,0.00000000e+00,0.00000000e+00,1.85540607e+02,0.00000000e+00,0.00000000e+00,0.00000000e+00,0.00000000e+00,0.00000000e+00,0.00000000e+00,0.00000000e+00,0.00000000e+00,0.00000000e+00,0.00000000e+00,0.00000000e+00
0.00000000e+00,0.00000000e+00,0.00000000e+00,0.00000000e+00,0.00000000e+00,0.00000000e+00,0.00000000e+00,0.00000000e+00,0.00000000e+00,0.00000000e+00,0.00000000e+00,0.00000000e+00,0.00000000e+00,0.00000000e+00,0.00000000e+00,0.00000000e+00,2.46512250e+03,0.00000000e+00,0.00000000e+00,0.00000000e+00,0.00000000e+00,0.00000000e+00,0.00000000e+00,0.00000000e+00,0.00000000e+00,0.00000000e+00,0.00000000e+00,0.00000000e+00,0.00000000e+00,0.00000000e+00,0.00000000e+00,0.00000000e+00,0.00000000e+00,0.00000000e+00,0.00000000e+00,0.00000000e+00,0.00000000e+00,0.00000000e+00
0.00000000e+00,0.00000000e+00,0.00000000e+00,0.00000000e+00,1.05947338e+02,1.05661136e+02,0.00000000e+00,0.00000000e+00,0.00000000e+00,1.13000873e+02,1.13508534e+02,0.00000000e+00,9.92003896e+01,1.03908052e+02,1.05973071e+02,0.00000000e+00,0.00000000e+00,1.70573622e+02,0.00000000e+00,0.00000000e+00,0.00000000e+00,1.21526198e+02,0.00000000e+00,1.10086720e+02,0.00000000e+00,1.20095125e+02,0.00000000e+00,1.26660677e+02,0.00000000e+00,0.00000000e+00,1.21882906e+02,0.00000000e+00,0.00000000e+00,1.03737423e+02,0.00000000e+00,0.00000000e+00,0.00000000e+00,1.21027020e+02
0.00000000e+00,0.00000000e+00,0.00000000e+00,0.00000000e+00,0.00000000e+00,0.00000000e+00,0.00000000e+00,0.00000000e+00,0.00000000e+00,0.00000000e+00,0.00000000e+00,0.00000000e+00,0.00000000e+00,0.00000000e+00,0.00000000e+00,0.00000000e+00,0.00000000e+00,0.00000000e+00,3.84400000e+03,0.00000000e+00,0.00000000e+00,0.00000000e+00,0.00000000e+00,0.00000000e+00,0.00000000e+00,0.00000000e+00,0.00000000e+00,0.00000000e+00,0.00000000e+00,0.00000000e+00,0.00000000e+00,0.00000000e+00,0.00000000e+00,0.00000000e+00,0.00000000e+00,0.00000000e+00,0.00000000e+00,0.00000000e+00
0.00000000e+00,0.00000000e+00,0.00000000e+00,0.00000000e+00,0.00000000e+00,0.00000000e+00,0.00000000e+00,0.00000000e+00,0.00000000e+00,0.00000000e+00,0.00000000e+00,0.00000000e+00,0.00000000e+00,0.00000000e+00,0.00000000e+00,0.00000000e+00,0.00000000e+00,0.00000000e+00,0.00000000e+00,1.20270240e+03,0.00000000e+00,0.00000000e+00,0.00000000e+00,0.00000000e+00,0.00000000e+00,0.00000000e+00,0.00000000e+00,0.00000000e+00,0.00000000e+00,0.00000000e+00,0.00000000e+00,0.00000000e+00,0.00000000e+00,0.00000000e+00,0.00000000e+00,0.00000000e+00,0.00000000e+00,0.00000000e+00
0.00000000e+00,0.00000000e+00,0.00000000e+00,0.00000000e+00,0.00000000e+00,0.00000000e+00,0.00000000e+00,0.00000000e+00,0.00000000e+00,0.00000000e+00,0.00000000e+00,0.00000000e+00,0.00000000e+00,0.00000000e+00,0.00000000e+00,0.00000000e+00,0.00000000e+00,0.00000000e+00,0.00000000e+00,0.00000000e+00,3.23874810e+03,0.00000000e+00,0.00000000e+00,0.00000000e+00,0.00000000e+00,0.00000000e+00,0.00000000e+00,0.00000000e+00,0.00000000e+00,0.00000000e+00,0.00000000e+00,0.00000000e+00,0.00000000e+00,0.00000000e+00,0.00000000e+00,0.00000000e+00,0.00000000e+00,0.00000000e+00
0.00000000e+00,0.00000000e+00,0.00000000e+00,0.00000000e+00,1.48251045e+02,1.47821863e+02,0.00000000e+00,0.00000000e+00,0.00000000e+00,1.57695017e+02,1.58456293e+02,0.00000000e+00,1.37850144e+02,1.43478799e+02,1.45777485e+02,0.00000000e+00,0.00000000e+00,1.21526198e+02,0.00000000e+00,0.00000000e+00,0.00000000e+00,3.23485411e+02,0.00000000e+00,1.53613524e+02,0.00000000e+00,1.67940293e+02,0.00000000e+00,1.75822838e+02,0.00000000e+00,0.00000000e+00,1.64906202e+02,0.00000000e+00,0.00000000e+00,1.36963259e+02,0.00000000e+00,0.00000000e+00,0.00000000e+00,1.59807364e+02
0.00000000e+00,0.00000000e+00,0.00000000e+00,0.00000000e+00,0.00000000e+00,0.00000000e+00,0.00000000e+00,0.00000000e+00,0.00000000e+00,0.00000000e+00,0.00000000e+00,0.00000000e+00,0.00000000e+00,0.00000000e+00,0.00000000e+00,2.04779599e+02,0.00000000e+00,0.00000000e+00,0.00000000e+00,0.00000000e+00,0.00000000e+00,0.00000000e+00,3.17552400e+02,0.00000000e+00,0.00000000e+00,0.00000000e+00,2.50707442e+02,0.00000000e+00,0.00000000e+00,0.00000000e+00,0.00000000e+00,0.00000000e+00,0.00000000e+00,0.00000000e+00,0.00000000e+00,0.00000000e+00,0.00000000e+00,0.00000000e+00
0.00000000e+00,0.00000000e+00,0.00000000e+00,0.00000000e+00,1.35382617e+02,1.34980698e+02,0.00000000e+00,0.00000000e+00,0.00000000e+00,1.43858557e+02,1.44571476e+02,0.00000000e+00,1.25550367e+02,1.30356710e+02,1.32249533e+02,0.00000000e+00,0.00000000e+00,1.10086720e+02,0.00000000e+00,0.00000000e+00,0.00000000e+00,1.53613524e+02,0.00000000e+00,1.99582027e+02,0.00000000e+00,1.53336293e+02,0.00000000e+00,1.60087641e+02,0.00000000e+00,0.00000000e+00,1.48596789e+02,0.00000000e+00,0.00000000e+00,1.22174752e+02,0.00000000e+00,0.00000000e+00,0.00000000e+00,1.42560699e+02
0.00000000e+00,0.00000000e+00,0.00000000e+00,0.00000000e+00,0.00000000e+00,0.00000000e+00,0.00000000e+00,0.00000000e+00,0.00000000e+00,0.00000000e+00,0.00000000e+00,0.00000000e+00,0.00000000e+00,0.00000000e+00,0.00000000e+00,0.00000000e+00,0.00000000e+00,0.00000000e+00,0.00000000e+00,0.00000000e+00,0.00000000e+00,0.00000000e+00,0.00000000e+00,0.00000000e+00,1.13030440e+03,0.00000000e+00,0.00000000e+00,0.00000000e+00,0.00000000e+00,0.00000000e+00,0.00000000e+00,0.00000000e+00,0.00000000e+00,0.00000000e+00,0.00000000e+00,0.00000000e+00,0.00000000e+00,0.00000000e+00
0.00000000e+00,0.00000000e+00,0.00000000e+00,0.00000000e+00,1.48199076e+02,1.47754461e+02,0.00000000e+00,0.00000000e+00,0.00000000e+00,1.57408467e+02,1.58197118e+02,0.00000000e+00,1.37280630e+02,1.42386790e+02,1.44363052e+02,0.00000000e+00,0.00000000e+00,1.20095125e+02,0.00000000e+00,0.00000000e+00,0.00000000e+00,1.67940293e+02,0.00000000e+00,1.53336293e+02,0.00000000e+00,2.93500866e+02,0.00000000e+00,1.75017248e+02,0.00000000e+00,0.00000000e+00,1.61745678e+02,0.00000000e+00,0.00000000e+00,1.32406543e+02,0.00000000e+00,0.00000000e+00,0.00000000e+00,1.54503100e+02
0.00000000e+00,0.00000000e+00,0.00000000e+00,0.00000000e+00,0.00000000e+00,0.00000000e+00,0.00000000e+00,0.00000000e+00,0.00000000e+00,0.00000000e+00,0.00000000e+00,0.00000000e+00,0.00000000e+00,0.00000000e+00,0.00000000e+00,1.85540607e+02,0.00000000e+00,0.00000000e+00,0.00000000e+00,0.00000000e+00,0.00000000e+00,0.00000000e+00,2.50707442e+02,0.00000000e+00,0.00000000e+00,0.00000000e+00,3.28696900e+02,0.00000000e+00,0.00000000e+00,0.00000000e+00,0.00000000e+00,0.00000000e+00,0.00000000e+00,0.00000000e+00,0.00000000e+00,0.00000000e+00,0.00000000e+00,0.00000000e+00
0.00000000e+00,0.00000000e+00,0.00000000e+00,0.00000000e+00,1.54483889e+02,1.54036993e+02,0.00000000e+00,0.00000000e+00,0.00000000e+00,1.64329813e+02,1.65122509e+02,0.00000000e+00,1.43656759e+02,1.49533093e+02,1.51934329e+02,0.00000000e+00,0.00000000e+00,1.26660677e+02,0.00000000e+00,0.00000000e+00,0.00000000e+00,1.75822838e+02,0.00000000e+00,1.60087641e+02,0.00000000e+00,1.75017248e+02,0.00000000e+00,4.53200960e+02,0.00000000e+00,0.00000000e+00,1.71861715e+02,0.00000000e+00,0.00000000e+00,1.42751056e+02,0.00000000e+00,0.00000000e+00,0.00000000e+00,1.66563333e+02
0.00000000e+00,0.00000000e+00,0.00000000e+00,0.00000000e+00,0.00000000e+00,0.00000000e+00,0.00000000e+00,0.00000000e+00,0.00000000e+00,0.00000000e+00,0.00000000e+00,0.00000000e+00,0.00000000e+00,0.00000000e+00,0.00000000e+00,0.00000000e+00,0.00000000e+00,0.00000000e+00,0.00000000e+00,0.00000000e+00,0.00000000e+00,0.00000000e+00,0.00000000e+00,0.00000000e+00,0.00000000e+00,0.00000000e+00,0.00000000e+00,0.00000000e+00,1.60000000e+03,0.00000000e+00,0.00000000e+00,0.00000000e+00,0.00000000e+00,0.00000000e+00,0.00000000e+00,0.00000000e+00,0.00000000e+00,0.00000000e+00
0.00000000e+00,0.00000000e+00,0.00000000e+00,0.00000000e+00,0.00000000e+00,0.00000000e+00,0.00000000e+00,0.00000000e+00,0.00000000e+00,0.00000000e+00,0.00000000e+00,0.00000000e+00,0.00000000e+00,0.00000000e+00,0.00000000e+00,0.00000000e+00,0.00000000e+00,0.00000000e+00,0.00000000e+00,0.00000000e+00,0.00000000e+00,0.00000000e+00,0.00000000e+00,0.00000000e+00,0.00000000e+00,0.00000000e+00,0.00000000e+00,0.00000000e+00,0.00000000e+00,5.29000000e+02,0.00000000e+00,0.00000000e+00,0.00000000e+00,0.00000000e+00,0.00000000e+00,0.00000000e+00,0.00000000e+00,0.00000000e+00
0.00000000e+00,0.00000000e+00,0.00000000e+00,0.00000000e+00,1.42612397e+02,1.42255519e+02,0.00000000e+00,0.00000000e+00,0.00000000e+00,1.52527966e+02,1.53160992e+02,0.00000000e+00,1.34479366e+02,1.41763810e+02,1.45128491e+02,0.00000000e+00,0.00000000e+00,1.21882906e+02,0.00000000e+00,0.00000000e+00,0.00000000e+00,1.64906202e+02,0.00000000e+00,1.48596789e+02,0.00000000e+00,1.61745678e+02,0.00000000e+00,1.71861715e+02,0.00000000e+00,0.00000000e+00,5.76517341e+02,0.00000000e+00,0.00000000e+00,1.47811002e+02,0.00000000e+00,0.00000000e+00,0.00000000e+00,1.72426144e+02
0.00000000e+00,0.00000000e+00,0.00000000e+00,0.00000000e+00,0.00000000e+00,0.00000000e+00,0.00000000e+00,0.00000000e+00,0.00000000e+00,0.00000000e+00,0.00000000e+00,0.00000000e+00,0.00000000e+00,0.00000000e+00,0.00000000e+00,0.00000000e+00,0.00000000e+00,0.00000000e+00,0.00000000e+00,0.00000000e+00,0.00000000e+00,0.00000000e+00,0.00000000e+00,0.00000000e+00,0.00000000e+00,0.00000000e+00,0.00000000e+00,0.00000000e+00,0.00000000e+00,0.00000000e+00,0.00000000e+00,4.33490560e+03,0.00000000e+00,0.00000000e+00,0.00000000e+00,0.00000000e+00,0.00000000e+00,0.00000000e+00
0.00000000e+00,0.00000000e+00,0.00000000e+00,0.00000000e+00,0.00000000e+00,0.00000000e+00,0.00000000e+00,0.00000000e+00,0.00000000e+00,0.00000000e+00,0.00000000e+00,0.00000000e+00,0.00000000e+00,0.00000000e+00,0.00000000e+00,0.00000000e+00,0.00000000e+00,0.00000000e+00,0.00000000e+00,0.00000000e+00,0.00000000e+00,0.00000000e+00,0.00000000e+00,0.00000000e+00,0.00000000e+00,0.00000000e+00,0.00000000e+00,0.00000000e+00,0.00000000e+00,0.00000000e+00,0.00000000e+00,0.00000000e+00,2.89000000e+02,0.00000000e+00,0.00000000e+00,0.00000000e+00,0.00000000e+00,0.00000000e+00
0.00000000e+00,0.00000000e+00,0.00000000e+00,0.00000000e+00,1.16607413e+02,1.16361468e+02,0.00000000e+00,0.00000000e+00,0.00000000e+00,1.25395478e+02,1.25831732e+02,0.00000000e+00,1.11491161e+02,1.18979078e+02,1.22675282e+02,0.00000000e+00,0.00000000e+00,1.03737423e+02,0.00000000e+00,0.00000000e+00,0.00000000e+00,1.36963259e+02,0.00000000e+00,1.22174752e+02,0.00000000e+00,1.32406543e+02,0.00000000e+00,1.42751056e+02,0.00000000e+00,0.00000000e+00,1.47811002e+02,0.00000000e+00,0.00000000e+00,1.26298584e+03,0.00000000e+00,0.00000000e+00,0.00000000e+00,1.56316733e+02
0.00000000e+00,0.00000000e+00,0.00000000e+00,0.00000000e+00,0.00000000e+00,0.00000000e+00,0.00000000e+00,0.00000000e+00,0.00000000e+00,0.00000000e+00,0.00000000e+00,0.00000000e+00,0.00000000e+00,0.00000000e+00,0.00000000e+00,0.00000000e+00,0.00000000e+00,0.00000000e+00,0.00000000e+00,0.00000000e+00,0.00000000e+00,0.00000000e+00,0.00000000e+00,0.00000000e+00,0.00000000e+00,0.00000000e+00,0.00000000e+00,0.00000000e+00,0.00000000e+00,0.00000000e+00,0.00000000e+00,0.00000000e+00,0.00000000e+00,0.00000000e+00,3.24000000e+02,0.00000000e+00,0.00000000e+00,0.00000000e+00
0.00000000e+00,0.00000000e+00,0.00000000e+00,0.00000000e+00,0.00000000e+00,0.00000000e+00,0.00000000e+00,0.00000000e+00,0.00000000e+00,0.00000000e+00,0.00000000e+00,0.00000000e+00,0.00000000e+00,0.00000000e+00,0.00000000e+00,0.00000000e+00,0.00000000e+00,0.00000000e+00,0.00000000e+00,0.00000000e+00,0.00000000e+00,0.00000000e+00,0.00000000e+00,0.00000000e+00,0.00000000e+00,0.00000000e+00,0.00000000e+00,0.00000000e+00,0.00000000e+00,0.00000000e+00,0.00000000e+00,0.00000000e+00,0.00000000e+00,0.00000000e+00,0.00000000e+00,1.96000000e+02,0.00000000e+00,0.00000000e+00
0.00000000e+00,0.00000000e+00,0.00000000e+00,0.00000000e+00,0.00000000e+00,0.00000000e+00,0.00000000e+00,0.00000000e+00,0.00000000e+00,0.00000000e+00,0.00000000e+00,0.00000000e+00,0.00000000e+00,0.00000000e+00,0.00000000e+00,0.00000000e+00,0.00000000e+00,0.00000000e+00,0.00000000e+00,0.00000000e+00,0.00000000e+00,0.00000000e+00,0.00000000e+00,0.00000000e+00,0.00000000e+00,0.00000000e+00,0.00000000e+00,0.00000000e+00,0.00000000e+00,0.00000000e+00,0.00000000e+00,0.00000000e+00,0.00000000e+00,0.00000000e+00,0.00000000e+00,0.00000000e+00,1.60000000e+03,0.00000000e+00
0.00000000e+00,0.00000000e+00,0.00000000e+00,0.00000000e+00,1.36067210e+02,1.35779972e+02,0.00000000e+00,0.00000000e+00,0.00000000e+00,1.46318160e+02,1.46827658e+02,0.00000000e+00,1.30088817e+02,1.38818026e+02,1.43125875e+02,0.00000000e+00,0.00000000e+00,1.21027020e+02,0.00000000e+00,0.00000000e+00,0.00000000e+00,1.59807364e+02,0.00000000e+00,1.42560699e+02,0.00000000e+00,1.54503100e+02,0.00000000e+00,1.66563333e+02,0.00000000e+00,0.00000000e+00,1.72426144e+02,0.00000000e+00,0.00000000e+00,1.56316733e+02,0.00000000e+00,0.00000000e+00,0.00000000e+00,2.72247534e+03
