5.4906103629e-08,6.4159253443e-09,4.8929828003e-09,4.9510568813e-09,4.1775903139e-09,3.5287990733e-09,3.9616200042e-09,3.1270551208e-09,2.9620553141e-09,3.9469874976e-09,2.6894656032e-09,2.4514572087e-09,1.8053813390e-09,3.0144790527e-09,1.9857153719e-09,1.5143209863e-10,-1.0797937608e-09,-2.7012942879e-09,-6.4083022519e-09,-6.4009936132e-09,-8.6834375050e-09,-1.0884585303e-08,-1.4375263122e-08,-1.6288883442e-08,-1.8038092578e-08,-1.8876377757e-08,-2.0100032652e-08,-2.2216147183e-08,-2.4142862621e-08,-2.5568710444e-08,-3.0171160532e-08,-3.3300751260e-08,-3.3805616714e-08,-3.6204369608e-08,-4.2637101164e-08,-4.9814336185e-08,-4.3143348457e-08,-4.3355984445e-08,-5.0941408486e-08,-5.7166804658e-08,-6.9228725372e-08,-6.5866698561e-08,-7.0755257967e-08,-8.1296985067e-08,-8.9701674396e-08,-1.0079376203e-07,-1.0896879362e-07,-1.1447505494e-07,-1.3571950584e-07,-1.2498828504e-07
6.4159253443e-09,6.6053731363e-08,4.6493595743e-09,5.2863871925e-09,4.3490054796e-09,3.3836126396e-09,3.6704433836e-09,3.2149090759e-09,3.2129560319e-09,4.4847367128e-09,3.1072831658e-09,3.0397181934e-09,2.5312081049e-09,4.1931175228e-09,3.3476926968e-09,1.0834546895e-09,1.3611586805e-10,-1.0833529578e-09,-3.6593634570e-09,-6.5540123787e-09,-6.9212171358e-09,-8.1609371854e-09,-1.4504376020e-08,-1.5024618643e-08,-1.7185028280e-08,-1.9832223770e-08,-2.0634753823e-08,-2.2778751744e-08,-2.5503927817e-08,-2.5243683924e-08,-2.8846876950e-08,-3.5655496073e-08,-3.0102429499e-08,-3.3120692672e-08,-4.3458767358e-08,-4.4395491249e-08,-4.1003060031e-08,-4.5759199024e-08,-5.3143650467e-08,-5.2911452465e-08,-7.0940064791e-08,-6.3275976659e-08,-7.1322496016e-08,-7.7810795040e-08,-8.2174419957e-08,-9.0149714381e-08,-9.1781883341e-08,-1.0302636170e-07,-1.3023844429e-07,-1.8229532908e-07
4.8929828003e-09,4.6493595743e-09,7.1055962803e-08,4.7741440916e-09,4.0847380458e-09,3.2561741705e-09,3.9951366169e-09,2.9868673679e-09,2.9543194939e-09,3.9762776125e-09,3.0532728723e-09,3.0639245564e-09,2.3703636334e-09,3.5459897738e-09,2.3001587231e-09,6.7883664991e-10,4.1679474810e-11,-1.2320622451e-09,-4.7700957740e-09,-8.0035766416e-09,-1.0397139094e-08,-9.2540511178e-09,-1.5638487382e-08,-1.6676161801e-08,-1.6058828453e-08,-1.8997853853e-08,-2.0808375965e-08,-2.2090632964e-08,-2.4427667824e-08,-2.5613493383e-08,-2.9606302634e-08,-3.1264159642e-08,-2.9528686694e-08,-3.2717745680e-08,-4.0338578667e-08,-4.2104948064e-08,-3.7919525501e-08,-4.5633254535e-08,-5.1265403286e-08,-5.1714600819e-08,-6.8631868888e-08,-6.0319212940e-08,-6.6706013456e-08,-7.4226444640e-08,-8.4929538161e-08,-9.5340475525e-08,-1.1364679461e-07,-1.0907760397e-07,-1.3612481186e-07,-1.8892695218e-08
4.9510568813e-09,5.2863871925e-09,4.7741440916e-09,7.0780013876e-08,4.8000853114e-09,4.0018158519e-09,4.1411894013e-09,3.6229517258e-09,3.5897350899e-09,5.1401503098e-09,3.8921146164e-09,4.0747418818e-09,3.6486719481e-09,5.1881412626e-09,3.9788512398e-09,2.2971912874e-09,2.1141187234e-09,1.2488728098e-09,-2.0294188011e-09,-6.5693223173e-09,-8.8682798105e-09,-8.5115639333e-09,-1.4852375611e-08,-1.4305691703e-08,-1.7148944821e-08,-2.0684083007e-08,-2.0521289530e-08,-2.5025094285e-08,-2.8861034119e-08,-2.8286478697e-08,-3.1345086234e-08,-3.7510677015e-08,-3.3782698729e-08,-3.7545628541e-08,-4.5681236678e-08,-4.7531881304e-08,-4.4024175009e-08,-4.8898918655e-08,-5.2021574465e-08,-5.2663477974e-08,-6.6063147644e-08,-6.2969470885e-08,-6.6995862901e-08,-7.7925532157e-08,-8.6406884713e-08,-8.7223852434e-08,-1.0091926648e-07,-1.0624866281e-07,-1.3506944090e-07,-2.6167038309e-07
4.1775903139e-09,4.3490054796e-09,4.0847380458e-09,4.8000853114e-09,8.6723861971e-08,3.5179144964e-09,3.7037914070e-09,3.4881252685e-09,2.7620704304e-09,3.8352467486e-09,3.3805749276e-09,3.9877415442e-09,3.1170657263e-09,4.1432536074e-09,3.1478598281e-09,1.8001421427e-09,1.8292674765e-09,1.2572106168e-09,-1.8202389421e-09,-5.2516990904e-09,-7.4051287612e-09,-6.5050251563e-09,-1.2814793380e-08,-1.2087731825e-08,-1.3782555845e-08,-1.7897605249e-08,-1.8443712391e-08,-2.2159552673e-08,-2.4708132425e-08,-2.3893455883e-08,-2.7194743399e-08,-3.3776487443e-08,-2.8610047424e-08,-3.3084451654e-08,-4.0245835836e-08,-4.2341080263e-08,-3.6789446677e-08,-4.1337140948e-08,-4.5462470208e-08,-4.5040323478e-08,-5.7252526067e-08,-5.2994811927e-08,-5.7021100479e-08,-6.6689198825e-08,-7.4955848931e-08,-7.4851964854e-08,-8.3844912973e-08,-8.6931860900e-08,-1.1068762843e-07,-2.8455916794e-07
3.5287990733e-09,3.3836126396e-09,3.2561741705e-09,4.0018158519e-09,3.5179144964e-09,8.4590486568e-08,3.0825392539e-09,2.8011907733e-09,2.4099170358e-09,3.3223383747e-09,2.7179279951e-09,3.0085933947e-09,2.8830672702e-09,3.1539088095e-09,2.2756532746e-09,1.7222251949e-09,1.3531684801e-09,1.0808054072e-09,-2.2493950287e-09,-3.5261035368e-09,-7.7160482653e-09,-8.4994778682e-09,-1.1795121537e-08,-1.2735914585e-08,-1.4072336972e-08,-1.6421824155e-08,-1.6448198338e-08,-1.9939399132e-08,-2.0812709082e-08,-2.1089622918e-08,-2.3969744235e-08,-3.0177206649e-08,-2.5624805501e-08,-3.0259402501e-08,-3.5675162269e-08,-3.7060953525e-08,-3.2928770075e-08,-3.5526357786e-08,-3.8289826037e-08,-3.7841377814e-08,-5.0382675803e-08,-4.9123790966e-08,-4.9761354828e-08,-5.9679264920e-08,-6.7569872605e-08,-7.2369756772e-08,-8.3478054298e-08,-8.0254220188e-08,-1.0265882425e-07,-1.2908697338e-07
3.9616200042e-09,3.6704433836e-09,3.9951366169e-09,4.1411894013e-09,3.7037914070e-09,3.0825392539e-09,1.0830271520e-07,3.6707648077e-09,2.6587307047e-09,3.6997269425e-09,3.2403963808e-09,3.0868010425e-09,2.4768143373e-09,3.9290566894e-09,2.4452509367e-09,1.3573923107e-09,1.3542184927e-09,2.0532733034e-10,-1.6216540030e-09,-5.2455307233e-09,-5.2794616098e-09,-5.4301677744e-09,-8.4734558483e-09,-8.7748608246e-09,-1.1105713153e-08,-1.3649588447e-08,-1.1970423962e-08,-1.5049655207e-08,-1.7463931734e-08,-1.9129530660e-08,-2.1923955597e-08,-2.5796746962e-08,-2.4728535424e-08,-2.5247139689e-08,-3.1887868473e-08,-4.0370665459e-08,-3.1060037817e-08,-3.2635960329e-08,-3.9069714518e-08,-4.1452726941e-08,-4.9405926289e-08,-4.9050775632e-08,-4.9488980604e-08,-6.0810256530e-08,-6.7591901279e-08,-7.2903108056e-08,-7.5978111520e-08,-8.0975012335e-08,-1.1511154456e-07,-2.5419715389e-07
3.1270551208e-09,3.2149090759e-09,2.9868673679e-09,3.6229517258e-09,3.4881252685e-09,2.8011907733e-09,3.6707648077e-09,9.8227496110e-08,2.5904620104e-09,3.1996416693e-09,2.7080971651e-09,3.4498927574e-09,2.7115618858e-09,2.8750455531e-09,2.4339847098e-09,1.7005677689e-09,1.9847580952e-09,1.7141355877e-09,-3.3856629362e-10,-1.9926289042e-09,-3.7542266872e-09,-3.7762650479e-09,-8.1017615021e-09,-7.9261911953e-09,-8.1913275017e-09,-1.0613051749e-08,-9.4741696447e-09,-1.2853495799e-08,-1.6136917920e-08,-1.8385192029e-08,-2.0524558775e-08,-2.2364452436e-08,-2.3845379794e-08,-2.5105108020e-08,-2.8169273770e-08,-3.3302877357e-08,-2.8217855656e-08,-3.3112252488e-08,-3.9184136574e-08,-4.3091776637e-08,-4.9910478170e-08,-5.0730994281e-08,-5.6770186127e-08,-6.1247485373e-08,-7.4214025117e-08,-7.8211642377e-08,-8.3109984676e-08,-9.4827562682e-08,-1.2352719383e-07,-1.9362536635e-07
2.9620553141e-09,3.2129560319e-09,2.9543194939e-09,3.5897350899e-09,2.7620704304e-09,2.4099170358e-09,2.6587307047e-09,2.5904620104e-09,1.0166353138e-07,3.5791034197e-09,3.3110978315e-09,3.0031840183e-09,2.4672654238e-09,3.8013870564e-09,3.0232540088e-09,1.9777450705e-09,2.3549021868e-09,1.0479892813e-09,-1.6676368366e-10,-2.6636154355e-09,-4.6328693547e-09,-4.6861559976e-09,-7.3763195344e-09,-9.2887820351e-09,-9.0559153292e-09,-1.1442568769e-08,-1.0352375757e-08,-1.3279890262e-08,-1.4294436235e-08,-1.6897551231e-08,-1.8301422997e-08,-2.0263888147e-08,-2.1711224693e-08,-2.3397616750e-08,-2.5873174100e-08,-3.1077558149e-08,-2.5174222450e-08,-2.7350668621e-08,-3.3429248822e-08,-3.5599873145e-08,-4.1559514546e-08,-4.4740504753e-08,-4.4514375554e-08,-5.5092616812e-08,-6.3927666163e-08,-6.6757654373e-08,-8.0413718542e-08,-7.3459612011e-08,-1.0427765882e-07,-2.1726916124e-07
3.9469874976e-09,4.4847367128e-09,3.9762776125e-09,5.1401503098e-09,3.8352467486e-09,3.3223383747e-09,3.6997269425e-09,3.1996416693e-09,3.5791034197e-09,1.2690066713e-07,6.8356112314e-09,4.0668565026e-09,4.3894105203e-09,6.3358457715e-09,4.9520417533e-09,3.8421081300e-09,4.1750086054e-09,3.4325863394e-09,-3.9245332169e-10,-3.9003280680e-09,-7.2337890830e-09,-5.3517483318e-09,-1.0232888205e-08,-1.0799629559e-08,-1.2130665460e-08,-1.6349633850e-08,-1.4509169019e-08,-1.8739881346e-08,-2.0267985394e-08,-2.3587897011e-08,-2.7003686446e-08,-2.8835207598e-08,-2.8409817194e-08,-2.9579713181e-08,-3.5733275444e-08,-4.0623625068e-08,-3.5129506389e-08,-4.0506317455e-08,-4.5232393522e-08,-4.9386195673e-08,-5.4924568072e-08,-5.8703474898e-08,-6.2767879977e-08,-7.4359033629e-08,-8.6523722823e-08,-9.2546836371e-08,-1.0197853071e-07,-1.0631386528e-07,-1.4176545578e-07,-2.0093786504e-07
2.6894656032e-09,3.1072831658e-09,3.0532728723e-09,3.8921146164e-09,3.3805749276e-09,2.7179279951e-09,3.2403963808e-09,2.7080971651e-09,3.3110978315e-09,6.8356112314e-09,1.2220579453e-07,8.8630962400e-09,3.1475086849e-09,5.9345671093e-09,3.9772352101e-09,3.0849181263e-09,3.9537707513e-09,2.1704400241e-09,1.7549379414e-09,-1.6260005766e-09,-3.8802830527e-09,-9.8381911624e-10,-7.1675720568e-09,-7.8827363766e-09,-7.6883984290e-09,-1.3143140677e-08,-1.1790265413e-08,-1.5802710225e-08,-1.5760275359e-08,-1.9029584373e-08,-2.2082672633e-08,-2.2987616492e-08,-2.3403269155e-08,-2.3384530549e-08,-2.7256000344e-08,-3.1826784971e-08,-2.4098722917e-08,-2.8787094529e-08,-3.4615244645e-08,-3.8307575450e-08,-4.0844227520e-08,-4.4570308721e-08,-4.7079746706e-08,-6.0252744455e-08,-6.9759841542e-08,-7.5516165242e-08,-8.4704311445e-08,-8.5431210661e-08,-1.1847342841e-07,-2.8262510634e-07
2.4514572087e-09,3.0397181934e-09,3.0639245564e-09,4.0747418818e-09,3.9877415442e-09,3.0085933947e-09,3.0868010425e-09,3.4498927574e-09,3.0031840183e-09,4.0668565026e-09,8.8630962400e-09,1.4913364656e-07,4.2721484568e-09,5.8088253634e-09,3.6085015494e-09,4.3686400309e-09,6.1600756999e-09,5.7488078275e-09,5.3579736687e-09,-2.3140990817e-09,-6.6715601876e-09,-8.0973736974e-10,-1.0843024936e-08,-9.2739607108e-09,-8.2883231498e-09,-1.4042162047e-08,-1.5162956597e-08,-1.9554060662e-08,-2.1183598725e-08,-2.3136078291e-08,-2.3771005781e-08,-2.8417447700e-08,-2.2737822957e-08,-2.5999803593e-08,-3.2020990706e-08,-3.0941370777e-08,-2.4784203548e-08,-3.5340636937e-08,-4.0527800705e-08,-3.4631154902e-08,-4.2290389478e-08,-4.2138004992e-08,-4.7180905735e-08,-5.8858682633e-08,-6.5406784455e-08,-6.1068042243e-08,-7.8490631469e-08,-7.9205620567e-08,-1.1936479836e-07,-3.8404429797e-07
1.8053813390e-09,2.5312081049e-09,2.3703636334e-09,3.6486719481e-09,3.1170657263e-09,2.8830672702e-09,2.4768143373e-09,2.7115618858e-09,2.4672654238e-09,4.3894105203e-09,3.1475086849e-09,4.2721484568e-09,1.4353841981e-07,4.4787226407e-09,4.1605977467e-09,4.1738323583e-09,5.2914684928e-09,7.3378024895e-09,3.4005104793e-09,-2.9688979896e-09,-7.0496790945e-09,-3.0288530017e-09,-8.6483431482e-09,-4.9955086219e-09,-7.0452403651e-09,-1.0884506431e-08,-9.1824325281e-09,-1.3432711231e-08,-1.7693780040e-08,-1.4548678564e-08,-1.4801225443e-08,-2.3068029271e-08,-1.3466733831e-08,-2.0631149000e-08,-2.6610892729e-08,-2.1436015278e-08,-2.1680312464e-08,-3.3266595921e-08,-3.2492889429e-08,-2.0818913036e-08,-3.6595607742e-08,-3.2722907069e-08,-3.4981663298e-08,-4.3200362692e-08,-5.3407069218e-08,-4.9952300027e-08,-6.8706317961e-08,-5.6623815164e-08,-9.0058561730e-08,-2.0691141385e-07
3.0144790527e-09,4.1931175228e-09,3.5459897738e-09,5.1881412626e-09,4.1432536074e-09,3.1539088095e-09,3.9290566894e-09,2.8750455531e-09,3.8013870564e-09,6.3358457715e-09,5.9345671093e-09,5.8088253634e-09,4.4787226407e-09,2.0938188427e-07,5.8804976233e-09,4.9855455446e-09,6.4208554697e-09,3.6385784298e-09,4.1302554191e-09,-1.6502682029e-09,-3.4960195652e-09,1.8204333525e-09,-7.2961456214e-09,-7.6224778677e-09,-7.9222796615e-09,-1.6745363150e-08,-1.4398808328e-08,-2.0476284483e-08,-1.9811660520e-08,-2.4269005308e-08,-2.6327442123e-08,-2.7780530008e-08,-2.6022904166e-08,-2.4793773370e-08,-3.3025423692e-08,-3.6640702449e-08,-2.5885631336e-08,-3.3801073000e-08,-3.8316776142e-08,-3.9747512215e-08,-3.8013283281e-08,-4.7976256755e-08,-4.8816707659e-08,-6.1849609813e-08,-6.7959599555e-08,-6.3968491281e-08,-7.5891744362e-08,-7.4380263387e-08,-1.1299756240e-07,-4.1757470473e-07
1.9857153719e-09,3.3476926968e-09,2.3001587231e-09,3.9788512398e-09,3.1478598281e-09,2.2756532746e-09,2.4452509367e-09,2.4339847098e-09,3.0232540088e-09,4.9520417533e-09,3.9772352101e-09,3.6085015494e-09,4.1605977467e-09,5.8804976233e-09,1.8254895519e-07,3.6314644170e-09,4.7433052860e-09,4.6963673512e-09,7.2994097543e-10,-3.8208305577e-09,-6.4323946227e-09,-2.6072845401e-09,-8.4478712164e-09,-3.4232370777e-09,-6.6283821778e-09,-1.1329948741e-08,-9.1557292017e-09,-1.3266783960e-08,-1.6954893247e-08,-1.4686538116e-08,-1.6306010822e-08,-2.3084280873e-08,-1.8807676299e-08,-2.3881438219e-08,-2.5227813640e-08,-2.6179647566e-08,-1.9822508451e-08,-2.7697306730e-08,-3.0014815131e-08,-2.1640501554e-08,-2.9343217712e-08,-2.6984626240e-08,-2.9552749777e-08,-3.8392256096e-08,-4.6818412287e-08,-4.5159174213e-08,-4.6697990779e-08,-3.9515395100e-08,-7.5822671324e-08,-3.8376611284e-07
1.5143209863e-10,1.0834546895e-09,6.7883664991e-10,2.2971912874e-09,1.8001421427e-09,1.7222251949e-09,1.3573923107e-09,1.7005677689e-09,1.9777450705e-09,3.8421081300e-09,3.0849181263e-09,4.3686400309e-09,4.1738323583e-09,4.9855455446e-09,3.6314644170e-09,2.2710682684e-07,7.9300026609e-09,9.1218494168e-09,9.1639810225e-09,-4.3537790712e-11,-6.2241731427e-09,-5.8318804076e-10,-7.7279398224e-09,-5.4606324615e-09,-7.5454688660e-09,-1.4003055561e-08,-1.2109900506e-08,-1.7336761662e-08,-1.5749041017e-08,-1.7194080094e-08,-1.7941785395e-08,-2.0695460930e-08,-1.3965570033e-08,-1.5385841827e-08,-1.6172981358e-08,-1.1165384776e-08,-1.1958064417e-08,-1.2201086661e-08,-8.8251859213e-09,-7.4621417203e-09,-8.9272999238e-10,-5.7590459902e-09,-8.8152739334e-09,-1.8188068277e-08,-1.7874290669e-08,-1.0471955802e-08,-2.0420674995e-08,-2.8970167520e-08,-5.1717998501e-08,-2.2833535913e-07
-1.0797937608e-09,1.3611586805e-10,4.1679474810e-11,2.1141187234e-09,1.8292674765e-09,1.3531684801e-09,1.3542184927e-09,1.9847580952e-09,2.3549021868e-09,4.1750086054e-09,3.9537707513e-09,6.1600756999e-09,5.2914684928e-09,6.4208554697e-09,4.7433052860e-09,7.9300026609e-09,2.6886449179e-07,1.3295790059e-08,1.5072521806e-08,1.0424225481e-09,-6.1187065283e-09,3.5698904896e-09,-6.3184441093e-09,-1.9856985988e-09,-2.8529408331e-09,-1.2656734173e-08,-1.0747466356e-08,-1.7728665339e-08,-1.4435447834e-08,-1.8268576227e-08,-1.6709123163e-08,-1.7489664374e-08,-1.2133421538e-08,-1.2675844814e-08,-8.1325389083e-09,-4.4101522181e-09,-4.1815967780e-09,-6.2328250091e-09,1.5090364596e-09,4.0860234814e-09,1.7538602853e-08,1.2506775443e-08,9.3408226980e-09,-7.4763233298e-10,-2.5509658799e-09,1.1835737627e-08,-1.8098517763e-09,-4.7833013449e-09,-3.6533007565e-08,-4.2467815707e-07
-2.7012942879e-09,-1.0833529578e-09,-1.2320622451e-09,1.2488728098e-09,1.2572106168e-09,1.0808054072e-09,2.0532733034e-10,1.7141355877e-09,1.0479892813e-09,3.4325863394e-09,2.1704400241e-09,5.7488078275e-09,7.3378024895e-09,3.6385784298e-09,4.6963673512e-09,9.1218494168e-09,1.3295790059e-08,3.5043534735e-07,1.8583172564e-08,6.0960266344e-10,-6.9102623644e-09,2.6876027380e-09,-6.6513419667e-09,4.5250026493e-09,-2.4431795301e-09,-9.0880992690e-09,-3.6841274565e-09,-1.3613971623e-08,-1.9534362194e-08,-1.1376080529e-08,-6.9494957099e-09,-1.4598086517e-08,-2.1057883633e-09,-9.4015208662e-09,-6.1083536215e-09,1.3133644316e-08,8.2068101118e-10,-7.0122791427e-09,1.0145947682e-08,2.8998910348e-08,2.9606392018e-08,3.5543782635e-08,2.9591417651e-08,2.4415904237e-08,2.3258374730e-08,5.5514164973e-08,2.2503525922e-08,1.0388104735e-08,-1.4981955188e-08,-4.8229210259e-07
-6.4083022519e-09,-3.6593634570e-09,-4.7700957740e-09,-2.0294188011e-09,-1.8202389421e-09,-2.2493950287e-09,-1.6216540030e-09,-3.3856629362e-10,-1.6676368366e-10,-3.9245332169e-10,1.7549379414e-09,5.3579736687e-09,3.4005104793e-09,4.1302554191e-09,7.2994097543e-10,9.1639810225e-09,1.5072521806e-08,1.8583172564e-08,6.7840997053e-07,1.1026728883e-08,1.6331380522e-08,2.5021038863e-08,1.2453955790e-08,2.0100950398e-08,1.3063639244e-08,3.8969773140e-09,1.3883792848e-08,3.9949827723e-09,3.9352060245e-09,-7.7889630200e-10,6.1505306277e-09,1.1289352528e-08,1.4519367795e-08,3.2958466921e-08,2.7794106766e-08,4.3186574429e-08,2.7999923736e-08,3.2770593233e-08,4.7935880880e-08,4.2766654101e-08,7.7431621057e-08,7.0344253939e-08,5.6520571033e-08,6.3233215299e-08,8.5603824103e-08,1.2689844397e-07,1.3715637573e-07,2.9695900985e-08,-1.2202130119e-08,-4.5598254728e-07
-6.4009936132e-09,-6.5540123787e-09,-8.0035766416e-09,-6.5693223173e-09,-5.2516990904e-09,-3.5261035368e-09,-5.2455307233e-09,-1.9926289042e-09,-2.6636154355e-09,-3.9003280680e-09,-1.6260005766e-09,-2.3140990817e-09,-2.9688979896e-09,-1.6502682029e-09,-3.8208305577e-09,-4.3537790712e-11,1.0424225481e-09,6.0960266344e-10,1.1026728883e-08,9.7820700089e-07,4.4599938330e-08,4.4285544786e-08,4.3542304368e-08,3.2465502602e-08,3.9113891769e-08,3.6246320622e-08,5.4856539378e-08,3.9864626193e-08,6.9098889073e-08,5.3295050824e-08,3.3336663840e-08,5.8092846563e-08,2.5200445749e-08,3.7430292165e-08,5.0072138099e-08,3.3557898924e-08,4.2204722418e-08,8.4948861950e-08,7.1013282717e-08,2.3566509233e-08,6.5150219657e-08,3.2011407573e-08,4.0272829400e-09,2.6204619218e-09,-1.6964401421e-08,-2.8442385245e-08,-9.2278537772e-08,-8.0454627914e-08,-1.2241642774e-07,8.5361587478e-08
-8.6834375050e-09,-6.9212171358e-09,-1.0397139094e-08,-8.8682798105e-09,-7.4051287612e-09,-7.7160482653e-09,-5.2794616098e-09,-3.7542266872e-09,-4.6328693547e-09,-7.2337890830e-09,-3.8802830527e-09,-6.6715601876e-09,-7.0496790945e-09,-3.4960195652e-09,-6.4323946227e-09,-6.2241731427e-09,-6.1187065283e-09,-6.9102623644e-09,1.6331380522e-08,4.4599938330e-08,1.4788612525e-06,7.5280858359e-08,8.9310558005e-08,8.4349402525e-08,7.8122686321e-08,8.5077600469e-08,1.2255923258e-07,1.1350931695e-07,1.1118465392e-07,1.0647754535e-07,1.0169953441e-07,1.2002425461e-07,7.7195651504e-08,1.1079363670e-07,9.5011763388e-08,7.1851874379e-08,6.5682239551e-08,8.1521002435e-08,5.8714337064e-08,1.8995458478e-08,4.4506804828e-08,1.1473041300e-08,-2.7459494467e-08,-1.0136079955e-09,-1.3402917435e-08,-1.0611022259e-08,-6.4228223392e-09,-6.3923406446e-08,-1.3266502712e-07,-4.2257972346e-07
-1.0884585303e-08,-8.1609371854e-09,-9.2540511178e-09,-8.5115639333e-09,-6.5050251563e-09,-8.4994778682e-09,-5.4301677744e-09,-3.7762650479e-09,-4.6861559976e-09,-5.3517483318e-09,-9.8381911624e-10,-8.0973736974e-10,-3.0288530017e-09,1.8204333525e-09,-2.6072845401e-09,-5.8318804076e-10,3.5698904896e-09,2.6876027380e-09,2.5021038863e-08,4.4285544786e-08,7.5280858359e-08,1.8998166898e-06,7.9534234064e-08,8.2297957854e-08,8.2035782601e-08,7.8665665590e-08,1.1193109546e-07,9.8250220519e-08,1.0021796241e-07,9.6483119122e-08,8.7552628791e-08,1.1499238234e-07,7.4137585781e-08,9.9634542771e-08,9.1371285130e-08,8.5662740090e-08,6.9595284766e-08,7.3113219725e-08,5.4429058476e-08,2.7952728908e-08,5.9150113700e-08,3.4085523485e-08,-3.3386981888e-08,-4.2590420163e-09,-3.2712221218e-08,-1.6065997391e-08,-9.0722155842e-08,-9.4406137205e-08,-1.8371464153e-07,-4.4428170846e-07
-1.4375263122e-08,-1.4504376020e-08,-1.5638487382e-08,-1.4852375611e-08,-1.2814793380e-08,-1.1795121537e-08,-8.4734558483e-09,-8.1017615021e-09,-7.3763195344e-09,-1.0232888205e-08,-7.1675720568e-09,-1.0843024936e-08,-8.6483431482e-09,-7.2961456214e-09,-8.4478712164e-09,-7.7279398224e-09,-6.3184441093e-09,-6.6513419667e-09,1.2453955790e-08,4.3542304368e-08,8.9310558005e-08,7.9534234064e-08,1.9658585992e-06,1.0996262105e-07,1.0945351865e-07,1.2465441252e-07,1.6318551806e-07,1.5884353814e-07,1.4859322376e-07,1.4824951511e-07,1.5747560141e-07,1.7953379141e-07,1.1966397452e-07,1.5191190468e-07,1.5004420808e-07,1.1895346866e-07,1.0588372301e-07,1.1333555347e-07,1.0460909570e-07,7.4912394105e-08,1.1531197933e-07,5.6112237421e-08,5.2389396701e-08,7.2754937708e-08,4.5728739932e-08,8.1344115142e-08,5.7683572833e-08,6.8357731231e-08,1.7014972397e-08,-6.5270672722e-07
-1.6288883442e-08,-1.5024618643e-08,-1.6676161801e-08,-1.4305691703e-08,-1.2087731825e-08,-1.2735914585e-08,-8.7748608246e-09,-7.9261911953e-09,-9.2887820351e-09,-1.0799629559e-08,-7.8827363766e-09,-9.2739607108e-09,-4.9955086219e-09,-7.6224778677e-09,-3.4232370777e-09,-5.4606324615e-09,-1.9856985988e-09,4.5250026493e-09,2.0100950398e-08,3.2465502602e-08,8.4349402525e-08,8.2297957854e-08,1.0996262105e-07,2.7146775585e-06,1.0807527471e-07,1.3257537740e-07,1.8756529664e-07,1.7936944278e-07,1.2846558691e-07,1.5391758735e-07,1.7121944720e-07,1.8546532024e-07,1.3075792550e-07,1.6153819539e-07,1.6346262353e-07,1.4356392575e-07,1.2339937833e-07,1.0722463988e-07,1.0832225738e-07,1.0421840954e-07,1.4347318735e-07,1.0608466746e-07,7.7966133690e-08,1.2370378097e-07,1.0251017747e-07,1.2060096506e-07,1.8636862382e-07,1.1829945350e-07,9.1380794325e-08,-1.2064261550e-06
-1.8038092578e-08,-1.7185028280e-08,-1.6058828453e-08,-1.7148944821e-08,-1.3782555845e-08,-1.4072336972e-08,-1.1105713153e-08,-8.1913275017e-09,-9.0559153292e-09,-1.2130665460e-08,-7.6883984290e-09,-8.2883231498e-09,-7.0452403651e-09,-7.9222796615e-09,-6.6283821778e-09,-7.5454688660e-09,-2.8529408331e-09,-2.4431795301e-09,1.3063639244e-08,3.9113891769e-08,7.8122686321e-08,8.2035782601e-08,1.0945351865e-07,1.0807527471e-07,3.0033359845e-06,1.3262157011e-07,1.6002310374e-07,1.6347116687e-07,1.5262982263e-07,1.5189503793e-07,1.6212720064e-07,1.8721915047e-07,1.3380671236e-07,1.5569928931e-07,1.6380728288e-07,1.4665132123e-07,1.2617809407e-07,1.0190517620e-07,8.2592540403e-08,8.5844077860e-08,1.0586664329e-07,6.6743603727e-08,3.9327326437e-08,7.5803179011e-08,3.1435108898e-08,5.6467518072e-08,4.3461186694e-09,8.5107358371e-08,-2.3951477687e-09,-3.2312676951e-07
-1.8876377757e-08,-1.9832223770e-08,-1.8997853853e-08,-2.0684083007e-08,-1.7897605249e-08,-1.6421824155e-08,-1.3649588447e-08,-1.0613051749e-08,-1.1442568769e-08,-1.6349633850e-08,-1.3143140677e-08,-1.4042162047e-08,-1.0884506431e-08,-1.6745363150e-08,-1.1329948741e-08,-1.4003055561e-08,-1.2656734173e-08,-9.0880992690e-09,3.8969773140e-09,3.6246320622e-08,8.5077600469e-08,7.8665665590e-08,1.2465441252e-07,1.3257537740e-07,1.3262157011e-07,3.6398393233e-06,1.9564054093e-07,2.1049606907e-07,1.7412134478e-07,1.8589938375e-07,2.0808710046e-07,2.2858262997e-07,1.6127988189e-07,1.8900864972e-07,2.0194287000e-07,1.7378514898e-07,1.4543771870e-07,1.1353830931e-07,8.5713166818e-08,9.4448792013e-08,1.1189612064e-07,7.4849978571e-08,4.7970177334e-08,8.7117256151e-08,4.7658028785e-08,5.9254387107e-08,5.2805413347e-08,8.9444356190e-08,3.6366653935e-08,-2.3051742507e-07
-2.0100032652e-08,-2.0634753823e-08,-2.0808375965e-08,-2.0521289530e-08,-1.8443712391e-08,-1.6448198338e-08,-1.1970423962e-08,-9.4741696447e-09,-1.0352375757e-08,-1.4509169019e-08,-1.1790265413e-08,-1.5162956597e-08,-9.1824325281e-09,-1.4398808328e-08,-9.1557292017e-09,-1.2109900506e-08,-1.0747466356e-08,-3.6841274565e-09,1.3883792848e-08,5.4856539378e-08,1.2255923258e-07,1.1193109546e-07,1.6318551806e-07,1.8756529664e-07,1.6002310374e-07,1.9564054093e-07,4.7409954848e-06,2.6878598488e-07,2.0982765161e-07,2.2641513380e-07,2.4545068895e-07,2.8214048112e-07,1.8138568526e-07,2.2451869123e-07,2.2622906409e-07,1.8366932150e-07,1.6906559754e-07,1.4276516283e-07,1.3071214837e-07,1.0684183059e-07,1.4491215413e-07,6.6645199970e-08,4.9275201023e-08,1.1085032995e-07,4.6548750466e-08,4.2802607857e-08,5.2772755654e-08,3.9690571156e-08,-4.9092465664e-08,-7.4471256777e-07
-2.2216147183e-08,-2.2778751744e-08,-2.2090632964e-08,-2.5025094285e-08,-2.2159552673e-08,-1.9939399132e-08,-1.5049655207e-08,-1.2853495799e-08,-1.3279890262e-08,-1.8739881346e-08,-1.5802710225e-08,-1.9554060662e-08,-1.3432711231e-08,-2.0476284483e-08,-1.3266783960e-08,-1.7336761662e-08,-1.7728665339e-08,-1.3613971623e-08,3.9949827723e-09,3.9864626193e-08,1.1350931695e-07,9.8250220519e-08,1.5884353814e-07,1.7936944278e-07,1.6347116687e-07,2.1049606907e-07,2.6878598488e-07,5.0406309316e-06,2.2706180242e-07,2.4215980864e-07,2.7293657390e-07,2.9197338629e-07,2.0906305930e-07,2.5218703303e-07,2.5096983101e-07,2.0391784440e-07,1.8430360150e-07,1.3949155936e-07,1.0377243838e-07,1.1094172194e-07,1.2227654838e-07,6.4349865405e-08,5.8868851370e-08,1.2211447005e-07,8.0784161753e-08,5.0552323979e-08,1.3910424953e-07,1.6327104556e-07,6.7962247790e-08,-3.7492796517e-08
-2.4142862621e-08,-2.5503927817e-08,-2.4427667824e-08,-2.8861034119e-08,-2.4708132425e-08,-2.0812709082e-08,-1.7463931734e-08,-1.6136917920e-08,-1.4294436235e-08,-2.0267985394e-08,-1.5760275359e-08,-2.1183598725e-08,-1.7693780040e-08,-1.9811660520e-08,-1.6954893247e-08,-1.5749041017e-08,-1.4435447834e-08,-1.9534362194e-08,3.9352060245e-09,6.9098889073e-08,1.1118465392e-07,1.0021796241e-07,1.4859322376e-07,1.2846558691e-07,1.5262982263e-07,1.7412134478e-07,2.0982765161e-07,2.2706180242e-07,5.9263349593e-06,2.2739962199e-07,2.2767039476e-07,2.6089988676e-07,1.8490646813e-07,2.2031867129e-07,2.4746896867e-07,1.8650135052e-07,1.8652645504e-07,2.2626416699e-07,1.7339526224e-07,1.4503261939e-07,1.9119853733e-07,1.2763102142e-07,1.0531036465e-07,1.4270649252e-07,1.1910620384e-07,7.1427821325e-08,5.6227164972e-08,2.2144474786e-07,7.0629416890e-08,7.8281548874e-07
-2.5568710444e-08,-2.5243683924e-08,-2.5613493383e-08,-2.8286478697e-08,-2.3893455883e-08,-2.1089622918e-08,-1.9129530660e-08,-1.8385192029e-08,-1.6897551231e-08,-2.3587897011e-08,-1.9029584373e-08,-2.3136078291e-08,-1.4548678564e-08,-2.4269005308e-08,-1.4686538116e-08,-1.7194080094e-08,-1.8268576227e-08,-1.1376080529e-08,-7.7889630200e-10,5.3295050824e-08,1.0647754535e-07,9.6483119122e-08,1.4824951511e-07,1.5391758735e-07,1.5189503793e-07,1.8589938375e-07,2.2641513380e-07,2.4215980864e-07,2.2739962199e-07,6.3749160764e-06,2.6868598526e-07,2.5587915981e-07,2.2988132213e-07,2.3255894271e-07,2.3372321964e-07,2.3270891687e-07,1.8731436038e-07,1.8886333175e-07,1.6862386160e-07,1.9997790457e-07,1.7550756868e-07,1.6382887820e-07,1.3906355506e-07,1.7822851408e-07,1.5543136359e-07,1.4604809948e-07,1.1841836622e-07,2.6270020471e-07,2.1154043621e-07,3.2553642087e-07
-3.0171160532e-08,-2.8846876950e-08,-2.9606302634e-08,-3.1345086234e-08,-2.7194743399e-08,-2.3969744235e-08,-2.1923955597e-08,-2.0524558775e-08,-1.8301422997e-08,-2.7003686446e-08,-2.2082672633e-08,-2.3771005781e-08,-1.4801225443e-08,-2.6327442123e-08,-1.6306010822e-08,-1.7941785395e-08,-1.6709123163e-08,-6.9494957099e-09,6.1505306277e-09,3.3336663840e-08,1.0169953441e-07,8.7552628791e-08,1.5747560141e-07,1.7121944720e-07,1.6212720064e-07,2.0808710046e-07,2.4545068895e-07,2.7293657390e-07,2.2767039476e-07,2.6868598526e-07,6.2054857297e-06,2.8695667294e-07,2.6472114650e-07,2.7100971413e-07,2.6609678073e-07,2.6935635198e-07,2.1998769027e-07,1.8425840444e-07,1.7574659217e-07,2.5756462072e-07,2.2887576545e-07,1.9975150977e-07,2.2802885890e-07,2.7993432172e-07,2.9359993888e-07,3.4676719412e-07,3.6694903232e-07,5.4947447819e-07,5.2100103231e-07,-4.0564570152e-07
-3.3300751260e-08,-3.5655496073e-08,-3.1264159642e-08,-3.7510677015e-08,-3.3776487443e-08,-3.0177206649e-08,-2.5796746962e-08,-2.2364452436e-08,-2.0263888147e-08,-2.8835207598e-08,-2.2987616492e-08,-2.8417447700e-08,-2.3068029271e-08,-2.7780530008e-08,-2.3084280873e-08,-2.0695460930e-08,-1.7489664374e-08,-1.4598086517e-08,1.1289352528e-08,5.8092846563e-08,1.2002425461e-07,1.1499238234e-07,1.7953379141e-07,1.8546532024e-07,1.8721915047e-07,2.2858262997e-07,2.8214048112e-07,2.9197338629e-07,2.6089988676e-07,2.5587915981e-07,2.8695667294e-07,8.5138876040e-06,2.4293539322e-07,3.1094576818e-07,3.7198311390e-07,3.3699211677e-07,2.9286345353e-07,2.7513269195e-07,2.8260339876e-07,2.4557103347e-07,3.4847859477e-07,2.7286857854e-07,2.4869117190e-07,3.5933208608e-07,3.2408670228e-07,3.1316202266e-07,3.1199349250e-07,3.4971099211e-07,4.2341746678e-07,3.6251834482e-07
-3.3805616714e-08,-3.0102429499e-08,-2.9528686694e-08,-3.3782698729e-08,-2.8610047424e-08,-2.5624805501e-08,-2.4728535424e-08,-2.3845379794e-08,-2.1711224693e-08,-2.8409817194e-08,-2.3403269155e-08,-2.2737822957e-08,-1.3466733831e-08,-2.6022904166e-08,-1.8807676299e-08,-1.3965570033e-08,-1.2133421538e-08,-2.1057883633e-09,1.4519367795e-08,2.5200445749e-08,7.7195651504e-08,7.4137585781e-08,1.1966397452e-07,1.3075792550e-07,1.3380671236e-07,1.6127988189e-07,1.8138568526e-07,2.0906305930e-07,1.8490646813e-07,2.2988132213e-07,2.6472114650e-07,2.4293539322e-07,7.4900951054e-06,2.5997059932e-07,2.4836335500e-07,3.1743549048e-07,2.3232719763e-07,1.7584239694e-07,1.8909607703e-07,2.8928285942e-07,2.3544990551e-07,2.5385394314e-07,2.4964762824e-07,3.2140610922e-07,3.4628869942e-07,3.8680689354e-07,3.9580022609e-07,5.5890959583e-07,6.0899703439e-07,6.5975648664e-07
-3.6204369608e-08,-3.3120692672e-08,-3.2717745680e-08,-3.7545628541e-08,-3.3084451654e-08,-3.0259402501e-08,-2.5247139689e-08,-2.5105108020e-08,-2.3397616750e-08,-2.9579713181e-08,-2.3384530549e-08,-2.5999803593e-08,-2.0631149000e-08,-2.4793773370e-08,-2.3881438219e-08,-1.5385841827e-08,-1.2675844814e-08,-9.4015208662e-09,3.2958466921e-08,3.7430292165e-08,1.1079363670e-07,9.9634542771e-08,1.5191190468e-07,1.6153819539e-07,1.5569928931e-07,1.8900864972e-07,2.2451869123e-07,2.5218703303e-07,2.2031867129e-07,2.3255894271e-07,2.7100971413e-07,3.1094576818e-07,2.5997059932e-07,9.6760413493e-06,3.2076648098e-07,3.3832783906e-07,2.7336174999e-07,2.3065153020e-07,2.3105491854e-07,2.5143820665e-07,2.9920031511e-07,2.6993877225e-07,2.5245529313e-07,3.4928899090e-07,3.8808088691e-07,4.0326297359e-07,5.4187502414e-07,4.9343930801e-07,5.4987312261e-07,6.6135181432e-07
-4.2637101164e-08,-4.3458767358e-08,-4.0338578667e-08,-4.5681236678e-08,-4.0245835836e-08,-3.5675162269e-08,-3.1887868473e-08,-2.8169273770e-08,-2.5873174100e-08,-3.5733275444e-08,-2.7256000344e-08,-3.2020990706e-08,-2.6610892729e-08,-3.3025423692e-08,-2.5227813640e-08,-1.6172981358e-08,-8.1325389083e-09,-6.1083536215e-09,2.7794106766e-08,5.0072138099e-08,9.5011763388e-08,9.1371285130e-08,1.5004420808e-07,1.6346262353e-07,1.6380728288e-07,2.0194287000e-07,2.2622906409e-07,2.5096983101e-07,2.4746896867e-07,2.3372321964e-07,2.6609678073e-07,3.7198311390e-07,2.4836335500e-07,3.2076648098e-07,1.0654139565e-05,4.0313654991e-07,3.2964411622e-07,3.4649509767e-07,3.5287602032e-07,3.2305461439e-07,4.5870079158e-07,4.2566956747e-07,3.6595830055e-07,4.7901073032e-07,4.9413269620e-07,4.3274751300e-07,5.9680261720e-07,5.4074601078e-07,6.5731182585e-07,7.6735047050e-07
-4.9814336185e-08,-4.4395491249e-08,-4.2104948064e-08,-4.7531881304e-08,-4.2341080263e-08,-3.7060953525e-08,-4.0370665459e-08,-3.3302877357e-08,-3.1077558149e-08,-4.0623625068e-08,-3.1826784971e-08,-3.0941370777e-08,-2.1436015278e-08,-3.6640702449e-08,-2.6179647566e-08,-1.1165384776e-08,-4.4101522181e-09,1.3133644316e-08,4.3186574429e-08,3.3557898924e-08,7.1851874379e-08,8.5662740090e-08,1.1895346866e-07,1.4356392575e-07,1.4665132123e-07,1.7378514898e-07,1.8366932150e-07,2.0391784440e-07,1.8650135052e-07,2.3270891687e-07,2.6935635198e-07,3.3699211677e-07,3.1743549048e-07,3.3832783906e-07,4.0313654991e-07,1.1098247937e-05,3.6208444548e-07,3.0773872671e-07,3.9144723876e-07,4.5233967896e-07,4.7134989897e-07,5.3960349628e-07,4.5165952848e-07,5.9427577970e-07,6.2284907516e-07,6.1272072569e-07,6.5846888871e-07,5.4498592405e-07,8.1622095141e-07,2.0088239150e-06
-4.3143348457e-08,-4.1003060031e-08,-3.7919525501e-08,-4.4024175009e-08,-3.6789446677e-08,-3.2928770075e-08,-3.1060037817e-08,-2.8217855656e-08,-2.5174222450e-08,-3.5129506389e-08,-2.4098722917e-08,-2.4784203548e-08,-2.1680312464e-08,-2.5885631336e-08,-1.9822508451e-08,-1.1958064417e-08,-4.1815967780e-09,8.2068101118e-10,2.7999923736e-08,4.2204722418e-08,6.5682239551e-08,6.9595284766e-08,1.0588372301e-07,1.2339937833e-07,1.2617809407e-07,1.4543771870e-07,1.6906559754e-07,1.8430360150e-07,1.8652645504e-07,1.8731436038e-07,2.1998769027e-07,2.9286345353e-07,2.3232719763e-07,2.7336174999e-07,3.2964411622e-07,3.6208444548e-07,9.2540690650e-06,3.1725131427e-07,3.4177770599e-07,3.8850743734e-07,4.9017875255e-07,4.4967243978e-07,4.7643224746e-07,5.8122010224e-07,6.4243570934e-07,6.7849824653e-07,7.7681245876e-07,8.8561051808e-07,1.0446691484e-06,6.4881283968e-08
-4.3355984445e-08,-4.5759199024e-08,-4.5633254535e-08,-4.8898918655e-08,-4.1337140948e-08,-3.5526357786e-08,-3.2635960329e-08,-3.3112252488e-08,-2.7350668621e-08,-4.0506317455e-08,-2.8787094529e-08,-3.5340636937e-08,-3.3266595921e-08,-3.3801073000e-08,-2.7697306730e-08,-1.2201086661e-08,-6.2328250091e-09,-7.0122791427e-09,3.2770593233e-08,8.4948861950e-08,8.1521002435e-08,7.3113219725e-08,1.1333555347e-07,1.0722463988e-07,1.0190517620e-07,1.1353830931e-07,1.4276516283e-07,1.3949155936e-07,2.2626416699e-07,1.8886333175e-07,1.8425840444e-07,2.7513269195e-07,1.7584239694e-07,2.3065153020e-07,3.4649509767e-07,3.0773872671e-07,3.1725131427e-07,1.1688655143e-05,5.0093648486e-07,4.1451451223e-07,6.8636020390e-07,5.6480218596e-07,5.5353670991e-07,6.2285706672e-07,7.3314485447e-07,7.8272141350e-07,8.1478207401e-07,9.0316136677e-07,1.0723171252e-06,5.1582429053e-07
-5.0941408486e-08,-5.3143650467e-08,-5.1265403286e-08,-5.2021574465e-08,-4.5462470208e-08,-3.8289826037e-08,-3.9069714518e-08,-3.9184136574e-08,-3.3429248822e-08,-4.5232393522e-08,-3.4615244645e-08,-4.0527800705e-08,-3.2492889429e-08,-3.8316776142e-08,-3.0014815131e-08,-8.8251859213e-09,1.5090364596e-09,1.0145947682e-08,4.7935880880e-08,7.1013282717e-08,5.8714337064e-08,5.4429058476e-08,1.0460909570e-07,1.0832225738e-07,8.2592540403e-08,8.5713166818e-08,1.3071214837e-07,1.0377243838e-07,1.7339526224e-07,1.6862386160e-07,1.7574659217e-07,2.8260339876e-07,1.8909607703e-07,2.3105491854e-07,3.5287602032e-07,3.9144723876e-07,3.4177770599e-07,5.0093648486e-07,1.3060962691e-05,5.5734028083e-07,8.3133569778e-07,7.3635480769e-07,7.7984963023e-07,8.8129390191e-07,9.9118111254e-07,1.1480808122e-06,1.1198502158e-06,1.1908515610e-06,1.5601614956e-06,1.0890579149e-07
-5.7166804658e-08,-5.2911452465e-08,-5.1714600819e-08,-5.2663477974e-08,-4.5040323478e-08,-3.7841377814e-08,-4.1452726941e-08,-4.3091776637e-08,-3.5599873145e-08,-4.9386195673e-08,-3.8307575450e-08,-3.4631154902e-08,-2.0818913036e-08,-3.9747512215e-08,-2.1640501554e-08,-7.4621417203e-09,4.0860234814e-09,2.8998910348e-08,4.2766654101e-08,2.3566509233e-08,1.8995458478e-08,2.7952728908e-08,7.4912394105e-08,1.0421840954e-07,8.5844077860e-08,9.4448792013e-08,1.0684183059e-07,1.1094172194e-07,1.4503261939e-07,1.9997790457e-07,2.5756462072e-07,2.4557103347e-07,2.8928285942e-07,2.5143820665e-07,3.2305461439e-07,4.5233967896e-07,3.8850743734e-07,4.1451451223e-07,5.5734028083e-07,1.3162806908e-05,8.0641952464e-07,8.1336720395e-07,9.3303449606e-07,1.0352169733e-06,1.2253237671e-06,1.4823584476e-06,1.3929437249e-06,1.8387070550e-06,2.1126522561e-06,-9.8945001341e-07
-6.9228725372e-08,-7.0940064791e-08,-6.8631868888e-08,-6.6063147644e-08,-5.7252526067e-08,-5.0382675803e-08,-4.9405926289e-08,-4.9910478170e-08,-4.1559514546e-08,-5.4924568072e-08,-4.0844227520e-08,-4.2290389478e-08,-3.6595607742e-08,-3.8013283281e-08,-2.9343217712e-08,-8.9272999238e-10,1.7538602853e-08,2.9606392018e-08,7.7431621057e-08,6.5150219657e-08,4.4506804828e-08,5.9150113700e-08,1.1531197933e-07,1.4347318735e-07,1.0586664329e-07,1.1189612064e-07,1.4491215413e-07,1.2227654838e-07,1.9119853733e-07,1.7550756868e-07,2.2887576545e-07,3.4847859477e-07,2.3544990551e-07,2.9920031511e-07,4.5870079158e-07,4.7134989897e-07,4.9017875255e-07,6.8636020390e-07,8.3133569778e-07,8.0641952464e-07,1.9186819335e-05,1.0423097525e-06,1.2067041338e-06,1.3333931845e-06,1.5805807198e-06,1.9991490713e-06,1.9347977411e-06,2.1692960085e-06,2.6571866138e-06,-1.1214504716e-06
-6.5866698561e-08,-6.3275976659e-08,-6.0319212940e-08,-6.2969470885e-08,-5.2994811927e-08,-4.9123790966e-08,-4.9050775632e-08,-5.0730994281e-08,-4.4740504753e-08,-5.8703474898e-08,-4.4570308721e-08,-4.2138004992e-08,-3.2722907069e-08,-4.7976256755e-08,-2.6984626240e-08,-5.7590459902e-09,1.2506775443e-08,3.5543782635e-08,7.0344253939e-08,3.2011407573e-08,1.1473041300e-08,3.4085523485e-08,5.6112237421e-08,1.0608466746e-07,6.6743603727e-08,7.4849978571e-08,6.6645199970e-08,6.4349865405e-08,1.2763102142e-07,1.6382887820e-07,1.9975150977e-07,2.7286857854e-07,2.5385394314e-07,2.6993877225e-07,4.2566956747e-07,5.3960349628e-07,4.4967243978e-07,5.6480218596e-07,7.3635480769e-07,8.1336720395e-07,1.0423097525e-06,2.0243059511e-05,1.1101570652e-06,1.2433028113e-06,1.4677047689e-06,1.6831411595e-06,1.7452119900e-06,1.8622742669e-06,2.3174528913e-06,-8.7546337764e-07
-7.0755257967e-08,-7.1322496016e-08,-6.6706013456e-08,-6.6995862901e-08,-5.7021100479e-08,-4.9761354828e-08,-4.9488980604e-08,-5.6770186127e-08,-4.4514375554e-08,-6.2767879977e-08,-4.7079746706e-08,-4.7180905735e-08,-3.4981663298e-08,-4.8816707659e-08,-2.9552749777e-08,-8.8152739334e-09,9.3408226980e-09,2.9591417651e-08,5.6520571033e-08,4.0272829400e-09,-2.7459494467e-08,-3.3386981888e-08,5.2389396701e-08,7.7966133690e-08,3.9327326437e-08,4.7970177334e-08,4.9275201023e-08,5.8868851370e-08,1.0531036465e-07,1.3906355506e-07,2.2802885890e-07,2.4869117190e-07,2.4964762824e-07,2.5245529313e-07,3.6595830055e-07,4.5165952848e-07,4.7643224746e-07,5.5353670991e-07,7.7984963023e-07,9.3303449606e-07,1.2067041338e-06,1.1101570652e-06,2.1398325628e-05,1.5385682820e-06,1.8483238017e-06,2.3189477197e-06,2.3906996166e-06,2.9186222649e-06,3.4578697089e-06,-2.5330845605e-06
-8.1296985067e-08,-7.7810795040e-08,-7.4226444640e-08,-7.7925532157e-08,-6.6689198825e-08,-5.9679264920e-08,-6.0810256530e-08,-6.1247485373e-08,-5.5092616812e-08,-7.4359033629e-08,-6.0252744455e-08,-5.8858682633e-08,-4.3200362692e-08,-6.1849609813e-08,-3.8392256096e-08,-1.8188068277e-08,-7.4763233298e-10,2.4415904237e-08,6.3233215299e-08,2.6204619218e-09,-1.0136079955e-09,-4.2590420163e-09,7.2754937708e-08,1.2370378097e-07,7.5803179011e-08,8.7117256151e-08,1.1085032995e-07,1.2211447005e-07,1.4270649252e-07,1.7822851408e-07,2.7993432172e-07,3.5933208608e-07,3.2140610922e-07,3.4928899090e-07,4.7901073032e-07,5.9427577970e-07,5.8122010224e-07,6.2285706672e-07,8.8129390191e-07,1.0352169733e-06,1.3333931845e-06,1.2433028113e-06,1.5385682820e-06,2.5145858629e-05,2.0955278263e-06,2.5699772850e-06,2.7065842892e-06,3.1760288166e-06,3.8531125851e-06,-1.5311046670e-06
-8.9701674396e-08,-8.2174419957e-08,-8.4929538161e-08,-8.6406884713e-08,-7.4955848931e-08,-6.7569872605e-08,-6.7591901279e-08,-7.4214025117e-08,-6.3927666163e-08,-8.6523722823e-08,-6.9759841542e-08,-6.5406784455e-08,-5.3407069218e-08,-6.7959599555e-08,-4.6818412287e-08,-1.7874290669e-08,-2.5509658799e-09,2.3258374730e-08,8.5603824103e-08,-1.6964401421e-08,-1.3402917435e-08,-3.2712221218e-08,4.5728739932e-08,1.0251017747e-07,3.1435108898e-08,4.7658028785e-08,4.6548750466e-08,8.0784161753e-08,1.1910620384e-07,1.5543136359e-07,2.9359993888e-07,3.2408670228e-07,3.4628869942e-07,3.8808088691e-07,4.9413269620e-07,6.2284907516e-07,6.4243570934e-07,7.3314485447e-07,9.9118111254e-07,1.2253237671e-06,1.5805807198e-06,1.4677047689e-06,1.8483238017e-06,2.0955278263e-06,3.6855581840e-05,3.2553131318e-06,3.5269314506e-06,4.0352053189e-06,4.7843414197e-06,-2.2838301441e-06
-1.0079376203e-07,-9.0149714381e-08,-9.5340475525e-08,-8.7223852434e-08,-7.4851964854e-08,-7.2369756772e-08,-7.2903108056e-08,-7.8211642377e-08,-6.6757654373e-08,-9.2546836371e-08,-7.5516165242e-08,-6.1068042243e-08,-4.9952300027e-08,-6.3968491281e-08,-4.5159174213e-08,-1.0471955802e-08,1.1835737627e-08,5.5514164973e-08,1.2689844397e-07,-2.8442385245e-08,-1.0611022259e-08,-1.6065997391e-08,8.1344115142e-08,1.2060096506e-07,5.6467518072e-08,5.9254387107e-08,4.2802607857e-08,5.0552323979e-08,7.1427821325e-08,1.4604809948e-07,3.4676719412e-07,3.1316202266e-07,3.8680689354e-07,4.0326297359e-07,4.3274751300e-07,6.1272072569e-07,6.7849824653e-07,7.8272141350e-07,1.1480808122e-06,1.4823584476e-06,1.9991490713e-06,1.6831411595e-06,2.3189477197e-06,2.5699772850e-06,3.2553131318e-06,4.4050834376e-05,4.3491791709e-06,5.2447240374e-06,6.1878560158e-06,-4.8625541511e-06
-1.0896879362e-07,-9.1781883341e-08,-1.1364679461e-07,-1.0091926648e-07,-8.3844912973e-08,-8.3478054298e-08,-7.5978111520e-08,-8.3109984676e-08,-8.0413718542e-08,-1.0197853071e-07,-8.4704311445e-08,-7.8490631469e-08,-6.8706317961e-08,-7.5891744362e-08,-4.6697990779e-08,-2.0420674995e-08,-1.8098517763e-09,2.2503525922e-08,1.3715637573e-07,-9.2278537772e-08,-6.4228223392e-09,-9.0722155842e-08,5.7683572833e-08,1.8636862382e-07,4.3461186694e-09,5.2805413347e-08,5.2772755654e-08,1.3910424953e-07,5.6227164972e-08,1.1841836622e-07,3.6694903232e-07,3.1199349250e-07,3.9580022609e-07,5.4187502414e-07,5.9680261720e-07,6.5846888871e-07,7.7681245876e-07,8.1478207401e-07,1.1198502158e-06,1.3929437249e-06,1.9347977411e-06,1.7452119900e-06,2.3906996166e-06,2.7065842892e-06,3.5269314506e-06,4.3491791709e-06,5.7036907141e-05,5.6549729134e-06,6.7659457461e-06,-7.4749245032e-06
-1.1447505494e-07,-1.0302636170e-07,-1.0907760397e-07,-1.0624866281e-07,-8.6931860900e-08,-8.0254220188e-08,-8.0975012335e-08,-9.4827562682e-08,-7.3459612011e-08,-1.0631386528e-07,-8.5431210661e-08,-7.9205620567e-08,-5.6623815164e-08,-7.4380263387e-08,-3.9515395100e-08,-2.8970167520e-08,-4.7833013449e-09,1.0388104735e-08,2.9695900985e-08,-8.0454627914e-08,-6.3923406446e-08,-9.4406137205e-08,6.8357731231e-08,1.1829945350e-07,8.5107358371e-08,8.9444356190e-08,3.9690571156e-08,1.6327104556e-07,2.2144474786e-07,2.6270020471e-07,5.4947447819e-07,3.4971099211e-07,5.5890959583e-07,4.9343930801e-07,5.4074601078e-07,5.4498592405e-07,8.8561051808e-07,9.0316136677e-07,1.1908515610e-06,1.8387070550e-06,2.1692960085e-06,1.8622742669e-06,2.9186222649e-06,3.1760288166e-06,4.0352053189e-06,5.2447240374e-06,5.6549729134e-06,6.5657927454e-05,9.0637164223e-06,-8.0186500536e-06
-1.3571950584e-07,-1.3023844429e-07,-1.3612481186e-07,-1.3506944090e-07,-1.1068762843e-07,-1.0265882425e-07,-1.1511154456e-07,-1.2352719383e-07,-1.0427765882e-07,-1.4176545578e-07,-1.1847342841e-07,-1.1936479836e-07,-9.0058561730e-08,-1.1299756240e-07,-7.5822671324e-08,-5.1717998501e-08,-3.6533007565e-08,-1.4981955188e-08,-1.2202130119e-08,-1.2241642774e-07,-1.3266502712e-07,-1.8371464153e-07,1.7014972397e-08,9.1380794325e-08,-2.3951477687e-09,3.6366653935e-08,-4.9092465664e-08,6.7962247790e-08,7.0629416890e-08,2.1154043621e-07,5.2100103231e-07,4.2341746678e-07,6.0899703439e-07,5.4987312261e-07,6.5731182585e-07,8.1622095141e-07,1.0446691484e-06,1.0723171252e-06,1.5601614956e-06,2.1126522561e-06,2.6571866138e-06,2.3174528913e-06,3.4578697089e-06,3.8531125851e-06,4.7843414197e-06,6.1878560158e-06,6.7659457461e-06,9.0637164223e-06,7.6113332503e-05,-7.1491892113e-06
-1.2498828504e-07,-1.8229532908e-07,-1.8892695218e-08,-2.6167038309e-07,-2.8455916794e-07,-1.2908697338e-07,-2.5419715389e-07,-1.9362536635e-07,-2.1726916124e-07,-2.0093786504e-07,-2.8262510634e-07,-3.8404429797e-07,-2.0691141385e-07,-4.1757470473e-07,-3.8376611284e-07,-2.2833535913e-07,-4.2467815707e-07,-4.8229210259e-07,-4.5598254728e-07,8.5361587478e-08,-4.2257972346e-07,-4.4428170846e-07,-6.5270672722e-07,-1.2064261550e-06,-3.2312676951e-07,-2.3051742507e-07,-7.4471256777e-07,-3.7492796517e-08,7.8281548874e-07,3.2553642087e-07,-4.0564570152e-07,3.6251834482e-07,6.5975648664e-07,6.6135181432e-07,7.6735047050e-07,2.0088239150e-06,6.4881283968e-08,5.1582429053e-07,1.0890579149e-07,-9.8945001341e-07,-1.1214504716e-06,-8.7546337764e-07,-2.5330845605e-06,-1.5311046670e-06,-2.2838301441e-06,-4.8625541511e-06,-7.4749245032e-06,-8.0186500536e-06,-7.1491892113e-06,3.6541063754e-04
