z,z_hel,mu,sigma_mu,d_proxy,sigma_d,n_sn
0.011979,0.011917,33.587751,0.040497,1.25644999e-02,2.34320515e-04,32
0.014360,0.014228,33.866091,0.039163,1.42502581e-02,2.57009205e-04,31
0.015794,0.015795,34.106138,0.036424,1.58913815e-02,2.66563244e-04,32
0.017324,0.017374,34.249401,0.034086,1.69488232e-02,2.66045135e-04,31
0.019608,0.019461,34.640976,0.031569,2.02565222e-02,2.94489154e-04,32
0.021356,0.021217,34.712382,0.030222,2.08977039e-02,2.90844437e-04,32
0.022786,0.022416,34.883952,0.031635,2.25893080e-02,3.29093779e-04,31
0.024093,0.023746,34.987645,0.028760,2.36633797e-02,3.13412661e-04,32
0.025322,0.024860,35.073305,0.028158,2.45887432e-02,3.18847191e-04,31
0.027614,0.027323,35.313165,0.028237,2.73946775e-02,3.56231199e-04,32
0.029166,0.028777,35.414518,0.026484,2.86630399e-02,3.49579454e-04,32
0.030926,0.030764,35.538705,0.027683,3.02915596e-02,3.86178257e-04,31
0.032683,0.032525,35.717631,0.025054,3.28371766e-02,3.78864646e-04,32
0.035342,0.035192,35.907044,0.027803,3.57378125e-02,4.57582653e-04,31
0.038335,0.037864,36.075864,0.024081,3.85276235e-02,4.27257481e-04,32
0.043749,0.043312,36.314981,0.024185,4.27880045e-02,4.76557265e-04,32
0.049186,0.048953,36.567835,0.023549,4.78135597e-02,5.18521448e-04,31
0.058617,0.058353,36.983973,0.022395,5.73989563e-02,5.91975800e-04,32
0.072359,0.072225,37.460966,0.025343,7.05744315e-02,8.23656464e-04,31
0.092426,0.092725,38.053809,0.023604,9.09894381e-02,9.89043478e-04,32
0.120538,0.121252,38.626243,0.022879,1.15421135e-01,1.21608439e-03,32
0.138030,0.138836,38.989105,0.022285,1.34307339e-01,1.37833838e-03,31
0.153246,0.154072,39.145547,0.021375,1.42434873e-01,1.40209080e-03,32
0.171502,0.172234,39.431704,0.022364,1.59980232e-01,1.64762786e-03,31
0.181709,0.182350,39.631354,0.021642,1.73886021e-01,1.73301356e-03,32
0.192580,0.193250,39.782330,0.022430,1.84703275e-01,1.90783629e-03,32
0.204393,0.205239,39.909108,0.024389,1.93860149e-01,2.17738271e-03,31
0.216221,0.216951,40.016083,0.024172,2.01689598e-01,2.24513495e-03,32
0.226888,0.227404,40.129322,0.025092,2.10676969e-01,2.43440649e-03,31
0.239116,0.239768,40.272665,0.024607,2.22808834e-01,2.52485962e-03,32
0.249480,0.250339,40.392145,0.023174,2.33421633e-01,2.49108124e-03,32
0.260683,0.261301,40.510512,0.025930,2.44356506e-01,2.91785668e-03,31
0.274337,0.274815,40.588735,0.023711,2.50633925e-01,2.73680381e-03,32
0.288933,0.289822,40.709742,0.025790,2.61914011e-01,3.11063359e-03,31
0.302086,0.302500,40.908890,0.024933,2.84275954e-01,3.26406795e-03,32
0.313506,0.314146,41.016976,0.024428,2.96136329e-01,3.33140330e-03,32
0.327229,0.327682,41.056614,0.022128,2.98516898e-01,3.04205014e-03,31
0.338959,0.339240,41.145092,0.024084,3.08247770e-01,3.41886752e-03,32
0.356815,0.356640,41.271563,0.024331,3.22543483e-01,3.61399539e-03,31
0.375453,0.375628,41.392314,0.023428,3.36280598e-01,3.62805828e-03,32
0.406096,0.406477,41.617698,0.026068,3.64877394e-01,4.38027617e-03,32
0.430429,0.430889,41.732324,0.025840,3.78093275e-01,4.49922877e-03,31
0.457657,0.457346,41.912277,0.024906,4.03304113e-01,4.62583243e-03,32
0.499686,0.500138,42.118262,0.025277,4.30785598e-01,5.01456465e-03,31
0.539825,0.539940,42.278340,0.029181,4.51756335e-01,6.07087982e-03,32
0.579709,0.580443,42.525481,0.029220,4.93238940e-01,6.63708026e-03,32
0.625535,0.625997,42.701640,0.031542,5.19934232e-01,7.55227827e-03,31
0.694385,0.694812,42.976283,0.031083,5.66076504e-01,8.10295794e-03,32
0.755941,0.756347,43.186769,0.031478,6.01843404e-01,8.72429553e-03,31
1.241868,1.241844,44.613123,0.045644,9.09409231e-01,1.91157170e-02,32
